,code,t,alcohol,y,health_expend,inflation,life_expectancy,mental
0,Australia,1980,12.7,25587.8,592.4,10.1358411703239,..,63.1
1,Australia,1981,12.8,26233.2,668.2,9.48766603415561,74.8,67.7
2,Australia,1982,12.4,25208.9,705.5,11.3518197573657,74.6,66.3
3,Australia,1983,12.2,26007.9,757.4,10.0389105058366,75.4,79
4,Australia,1984,11.7,27054,803.8,3.96039603960396,75.7,87.7
5,Australia,1985,11.8,27754.8,855.5,6.734693877551,75.5,105.2
6,Australia,1986,11.3,28056.3,904.5,9.05035054174633,76,88.7
7,Australia,1987,11.4,29223.7,952.6,8.53302162478084,76.2,95.1
8,Australia,1988,11.3,29863.6,1027.9,7.21593968766829,76.2,110.6
9,Australia,1989,11,30412.5,1097.4,7.53390256152687,76.4,103.1
10,Australia,1990,10.6,29850.9,1166.3,7.33302195235871,76.9,100.6
11,Australia,1991,10.1,29599.2,1234.4,3.17667536988684,77.3,82
12,Australia,1992,9.9,30454.3,1305.5,1.01223112610715,77.4,98.8
13,Australia,1993,10.2,31386.2,1373.2,1.7536534446764,77.9,88.3
14,Australia,1994,10,32293.6,1454.6,1.96963479688141,77.9,115.8
15,Australia,1995,9.8,33167.7,1537.5,4.62776659959759,77.8,131.6
16,Australia,1996,10.0,34049.6,1643,2.61538461538462,78.1,128.1
17,Australia,1997,10.2,35237.2,1727.8,0.224887556221881,78.4,171.5
18,Australia,1998,10.0,36616.8,1839.2,0.860134629768143,78.6,161.6
19,Australia,1999,10.0,37631.3,1956.9,1.48312940304042,78.9,118.7
20,Australia,2000,10.2,37962.6,2153.3,4.45743514797223,79.2,137.9
21,Australia,2001,10.0,38975.0,2290.7,4.40713536201469,79.6,59.4
22,Australia,2002,10.4,39733.2,2481,2.98157453936348,79.9,54.9
23,Australia,2003,10.3,40935.1,2578.7,2.73259596616785,80.2,49.4
24,Australia,2004,10.5,41777.0,2818.1,2.34325522482586,80.5,38.2
25,Australia,2005,10.5,42402.6,2872.4,2.69183168316831,80.8,..
26,Australia,2006,10.8,43414.6,2996.4,3.55528773727027,81.0,37.7
27,Australia,2007,10.8,44150.7,3199.8,2.32761128891474,81.3,41.7
28,Australia,2008,10.8,44084.2,3350.1,4.35029854990048,81.4,42
29,Australia,2009,10.7,44137.8,3417.8,1.77111716621253,81.5,42.8
30,Australia,2010,10.4,44495.6,3593.4,2.91834002677377,81.7,48.1
31,Australia,2011,10.2,45594.1,3809.1,3.3038501560874,81.9,47.4
32,Australia,2012,10.0,45960.3,3854.2,1.76278015613196,82.0,46.6
33,Australia,2013,9.9,46341.2,4087.8,2.44988864142539,82.1,29.2
34,Australia,2014,9.7,46637.9,4562.7,2.487922705314,82.3,30.5
35,Australia,2015,9.8,47226.8,4777.4,1.5083667216592,82.4,35.4
36,Australia,2016,9.5,47556.0,5037.3,1.27699094497329,82.4,34.4
37,Austria,1980,13.6,28794.9,710.9,6.32831779605569,72.7,66.1
38,Austria,1981,13.4,28680.1,659.7,6.80304335998305,73,58.2
39,Austria,1982,13.5,29236,704.1,5.43602589121125,73.2,64.4
40,Austria,1983,14,30153.9,736.4,3.33916684239884,73.3,71.3
41,Austria,1984,13.8,30171.2,770.3,5.66318948991475,73.9,64.8
42,Austria,1985,13.3,30910.6,828.9,3.18951141586567,74.1,79.7
43,Austria,1986,13.6,31601.9,889.3,1.70544550107634,74.5,71.9
44,Austria,1987,13.6,32010.5,982.7,1.4019548916528,75,63.7
45,Austria,1988,13.7,33018.8,1051.1,1.91572021084487,75.5,69.1
46,Austria,1989,13.9,34148.1,1162.8,2.56834671476642,75.6,81
47,Austria,1990,14,35361.5,1482.3,3.26187148033762,75.8,84.4
48,Austria,1991,14,36215.1,1585.8,3.3374261001366,75.9,106.7
49,Austria,1992,13.6,36568.6,1706.9,4.02084684152512,76.1,136.1
50,Austria,1993,13.5,36459.4,1849.9,3.63178554402613,76.3,85.2
51,Austria,1994,12.5,37191.8,2017.3,2.95340652383276,76.7,77.3
52,Austria,1995,13.4,38125.6,2086.1,2.2433637541205,76.9,104.1
53,Austria,1996,13.5,38968.7,2160.5,1.86097410872888,77.1,113
54,Austria,1997,12.9,39739.5,2265.2,1.3059833037407,77.5,97
55,Austria,1998,12.9,41117.6,2428.2,0.922466865804051,77.9,99.2
56,Austria,1999,12.8,42497.2,2569.3,0.568986519284555,78.1,87.4
57,Austria,2000,13.2,43826.2,2803.9,2.34486839687016,78.3,106.5
58,Austria,2001,12.3,44212.0,2859.1,2.64999999999997,78.8,121.4
59,Austria,2002,12.1,44720.7,3101,1.81035882448452,78.9,108.2
60,Austria,2003,12.3,44940.9,3198,1.35555378358982,78.8,175.3
61,Austria,2004,12.1,45880.7,3411,2.06120682873104,79.3,177.2
62,Austria,2005,12.2,46591.9,3475.9,2.29913772525068,79.5,182.3
63,Austria,2006,12.5,47952.4,3635,1.44154653778849,80.1,176.4
64,Austria,2007,12.5,49576.5,3795.6,2.16855593888618,80.3,167.8
65,Austria,2008,12.0,50141.2,4009.3,3.21595111754302,80.6,190
66,Austria,2009,11.8,48138.2,4090.2,0.506309393986597,80.5,189.3
67,Austria,2010,12.1,48907.7,4259,1.81353173680539,80.7,167.4
68,Austria,2011,11.9,50172.4,4345.2,3.28658305428623,81.1,178.7
69,Austria,2012,12.1,50287.3,4588.3,2.48567508675653,81.1,160.5
70,Austria,2013,11.9,49998.0,4767.1,2.00015749271597,81.3,155.0
71,Austria,2014,12.2,49935.7,4858.3,1.60580560487915,81.6,126.1
72,Austria,2015,11.2,49942.1,4943.5,0.896565286860077,81.3,112.2
73,Austria,2016,11.4,50292.9,5195.5,0.891592367302709,81.8,104.7
74,Belgium,1980,14,27552.5,592.4,6.64869013966331,73.3,118.2
75,Belgium,1981,13.3,27456,668.9,7.62748649174539,73.7,88.1
76,Belgium,1982,13.7,27597,741.7,8.72654957097361,74,67.1
77,Belgium,1983,13.6,27669,786.2,7.66161008927888,73.9,62.5
78,Belgium,1984,13.3,28348.6,813.5,6.34177636268591,74.5,64.4
79,Belgium,1985,13.1,28811,865.9,4.86872975086582,74.6,61.1
80,Belgium,1986,12.7,29330.2,944.8,1.29437081859633,74.8,64.2
81,Belgium,1987,13.2,29973.3,1009.7,1.55337967880691,75.4,59.1
82,Belgium,1988,12.5,31281.2,1111.8,1.16093620546811,75.7,55.8
83,Belgium,1989,11.6,32249.2,1203.7,3.10705254860209,75.7,62.9
84,Belgium,1990,12.2,33167.6,1301.9,3.44831009968626,76.2,59.5
85,Belgium,1991,11.4,33647.3,1421,3.21531063739933,76.3,74
86,Belgium,1992,11.7,34022.9,1525.7,2.42795636931716,76.5,80.1
87,Belgium,1993,11.7,33565.4,1583.7,2.75442578302316,76.5,80.3
88,Belgium,1994,11.1,34545.8,1621.7,2.37754452926211,76.8,81.9
89,Belgium,1995,11.0,35296.3,1670.7,1.46796116504854,77,70.4
90,Belgium,1996,10.9,35692.3,1768.1,2.07702462348191,77.3,79
91,Belgium,1997,10.9,36959.0,1814.9,1.62816049512958,77.5,83.7
92,Belgium,1998,9.9,37602.8,1881.7,0.949250288350633,77.6,103
93,Belgium,1999,10.1,38847.4,2011.7,1.12084823417846,77.7,140.7
94,Belgium,2000,11.2,40193.0,2298.2,2.54451776190907,77.9,120.4
95,Belgium,2001,11.0,40492.8,2404.2,2.46925823086076,78.1,122.5
96,Belgium,2002,11.3,41000.6,2644.1,1.6452143617536,78.2,109.1
97,Belgium,2003,11.3,41254.5,2902.8,1.5889639997038,78.3,102.7
98,Belgium,2004,12.1,42543.3,3086.2,2.09728311239311,79.0,92.8
99,Belgium,2005,12.2,43290.1,3104.2,2.78143263670022,79.1,90.9
100,Belgium,2006,10.9,44104.6,3195.4,1.79120770070459,79.5,78.6
101,Belgium,2007,10.3,45390.6,3307.6,1.8230563002681,79.9,88.4
102,Belgium,2008,10.5,45235.9,3545.1,4.48944420508401,79.8,101.2
103,Belgium,2009,10.1,43968.7,3711.3,-0.053145674125376,80.2,98.2
104,Belgium,2010,10.3,44813.0,3908.5,2.18929920422456,80.3,84.5
105,Belgium,2011,10.1,44986.1,4053.9,3.53208210722745,80.7,89
106,Belgium,2012,10.1,45037.1,4233.1,2.83966343445896,80.5,100.1
107,Belgium,2013,10.3,45033.1,4430.7,1.11309594027539,80.7,100.4
108,Belgium,2014,10.6,45539.9,4580.1,0.340002833356929,81.4,92.6
109,Belgium,2015,10.4,46201.7,4807.4,0.561429152790128,81.1,99.6
110,Belgium,2016,9.4,46551.6,4999.0,1.97385264653172,81.5,98.9
111,Canada,1980,10.7,28304.9,791.8,10.1292205085452,75.1,76.9
112,Canada,1981,10.8,28919.7,898.8,12.4716124148372,75.5,63.3
113,Canada,1982,10.5,27666.8,996.1,10.768971899714,75.7,59.4
114,Canada,1983,10.2,28107.3,1066.7,5.86358802977365,76.1,57.5
115,Canada,1984,9.9,29488.3,1135,4.30477830391735,76.4,48.3
116,Canada,1985,9.8,30604.4,1212.9,3.96203054065209,76.4,52.9
117,Canada,1986,9.6,30951.6,1278.8,4.19478629085617,76.5,65.8
118,Canada,1987,9.6,31790.4,1357.5,4.35610871221739,76.8,54.8
119,Canada,1988,9.4,32764.8,1461.3,4.02823414871608,76.9,56.1
120,Canada,1989,8.8,32927.8,1579.5,4.98362189985964,77.2,60.1
121,Canada,1990,8.5,32488.5,1699.8,4.78047693336307,77.5,57
122,Canada,1991,8.2,31417.9,1805.2,5.62586408592999,77.7,59.5
123,Canada,1992,7.8,31327.7,1897.5,1.49013290374548,77.9,61.7
124,Canada,1993,7.5,31809.8,1930.9,1.86507936507936,77.8,62.6
125,Canada,1994,7.4,32877.4,1962.2,0.16556291390731,78,62.9
126,Canada,1995,7.4,33415.6,1984.9,2.14876033057849,78.1,59.8
127,Canada,1996,7.4,33603.5,1999.8,1.57053112507136,78.3,59.5
128,Canada,1997,7.2,34695.3,2092,1.6212163808453,78.5,57.4
129,Canada,1998,7.3,35749.1,2200.5,0.995942456658049,78.7,63.5
130,Canada,1999,7.5,37290.5,2278.3,1.73484295105918,78.9,60
131,Canada,2000,7.6,38857.7,2450.6,2.71943995691977,79.3,57.2
132,Canada,2001,7.6,39125.8,2624.3,2.52512013979905,79.5,56.5
133,Canada,2002,7.7,39870.7,2758.1,2.25839440940856,79.6,58.8
134,Canada,2003,7.7,40224.8,2914.2,2.75856321360111,79.8,55
135,Canada,2004,7.8,41081.5,3122.4,1.8572587185726,80.1,59.3
136,Canada,2005,8.0,41999.2,3291.9,2.21355203439764,80.2,61.4
137,Canada,2006,8.2,42672.3,3486.6,2.0020253953416,80.7,58.3
138,Canada,2007,8.4,43135.5,3709.6,2.13838399266839,80.7,56.7
139,Canada,2008,8.4,43099.4,3849.5,2.37027067444296,80.8,53.9
140,Canada,2009,8.4,41363.4,3945.9,0.299466803009292,81.2,53.3
141,Canada,2010,8.4,42170.0,4155.5,1.77687154092627,81.4,52.7
142,Canada,2011,8.2,43073.0,4229.0,2.91213508872353,81.6,53.5
143,Canada,2012,8.3,43358.2,4336.2,1.5156782312452,81.8,53.2
144,Canada,2013,8.2,43901.7,4428.8,0.938291897815255,81.8,58.1
145,Canada,2014,8.0,44710.0,4536.8,1.90663590717873,81.9,59.8
146,Canada,2015,8.0,44670.1,4635.3,1.1252413609428,81.9,59.1
147,Canada,2016,8.1,44609.4,5044.3,1.4287595470108,82.0,62.9
148,Chile,1980,10.2,..,..,35.1383482602019,69.1,82.1
149,Chile,1981,9.7,..,..,19.686834218186,69.7,77
150,Chile,1982,12.6,..,..,9.94102217441223,70,100.7
151,Chile,1983,10,..,..,27.2571972688011,70.4,..
152,Chile,1984,10,..,..,19.8602073223875,70.9,88.7
153,Chile,1985,9.7,..,..,30.7034943951852,71.3,83.5
154,Chile,1986,8.9,7121.6,..,19.4768659088285,71.7,70
155,Chile,1987,9.5,7460.8,..,19.8808087061338,72.1,50.2
156,Chile,1988,9.5,7871.1,..,14.6843585199701,72.5,67.7
157,Chile,1989,8.7,8557.8,..,17.0279411205854,73,99.6
158,Chile,1990,8.6,8729.2,..,26.036478208631,73.4,101.8
159,Chile,1991,8,9254.1,..,21.7844199096036,73.8,79.8
160,Chile,1992,7.8,10205.4,..,15.4258032788392,74.1,62.8
161,Chile,1993,7.7,10727.4,..,12.7277614079796,74.4,63.2
162,Chile,1994,7.7,11144.9,..,11.4431243586732,74.7,71.5
163,Chile,1995,8.3,12121.0,..,8.23263354574717,75,72
164,Chile,1996,7.4,12840.6,..,7.35911466302754,75.3,82.6
165,Chile,1997,6.6,13602.8,..,6.1338665153681,75.6,58.5
166,Chile,1998,7.3,13982.0,..,5.1102441331205,75.8,44.3
167,Chile,1999,7.6,13759.7,..,3.33688286188992,76.1,38.4
168,Chile,2000,6.2,14255.7,589.9,3.84327347283565,76.4,73.3
169,Chile,2001,6.2,14541.1,619.9,3.56910113383644,76.6,87.9
170,Chile,2002,5.5,14841.1,651.6,2.48939833123408,76.9,114.6
171,Chile,2003,6.5,15372.3,706.5,2.81017725948149,77.1,108.7
172,Chile,2004,6.8,16224.4,766.3,1.05473933228727,77.4,93.6
173,Chile,2005,7.2,16967.7,810.7,3.05257394340732,77.6,89
174,Chile,2006,6.9,17837.7,959.5,3.39201899113601,77.8,54.5
175,Chile,2007,7.4,18565.0,1060.7,4.40779790450224,78.1,52.5
176,Chile,2008,7.4,19078.6,1129.4,8.71626854777146,78.3,47.6
177,Chile,2009,7.2,18682.3,1310.6,0.353046731831005,78.5,49.1
178,Chile,2010,7.6,19617.7,1254.3,1.41071064108997,78.7,35.3
179,Chile,2011,7.1,20608.9,1355.5,3.341216942593,79.0,12.3
180,Chile,2012,8.3,21640.0,1485.3,3.00744840213049,79.2,38.8
181,Chile,2013,7.2,22142.2,1658.1,1.78955553984588,79.4,26.6
182,Chile,2014,7.9,22316.5,1755.0,4.71867527854671,79.6,24.6
183,Chile,2015,7.9,22563.6,1833.6,4.3487735321705,79.8,29
184,Chile,2016,6.4,22711.8,1941.3,3.78619355893114,80.0,23.6
185,Colombia,1980,6.2,6601.6,..,26.5526552655266,64,..
186,Colombia,1981,6.3,6612.6,..,27.4537695590327,64.5,..
187,Colombia,1982,6.2,6537.1,..,24.7209821428571,65,..
188,Colombia,1983,6.3,6501.2,..,19.5973154362416,65.5,..
189,Colombia,1984,6.2,6550.9,..,16.1616161616162,65.9,11.7
190,Colombia,1985,6.3,7029.4,..,24.0901771336554,66.4,16.2
191,Colombia,1986,6.6,7284.2,..,18.8424604204516,66.6,16
192,Colombia,1987,6.8,7534.9,..,23.3020310111378,66.8,..
193,Colombia,1988,7.2,7714.1,..,28.1083953241233,66.9,..
194,Colombia,1989,7,7825.6,..,25.8675515000691,67.1,..
195,Colombia,1990,7,8005.2,..,29.1520210896309,67.2,13.6
196,Colombia,1991,7.3,8063,..,30.3878210580031,67.4,8.6
197,Colombia,1992,6.2,8248.1,..,27.0106320527037,67.5,8.4
198,Colombia,1993,6.7,8555.2,..,22.4424815119145,67.6,6.5
199,Colombia,1994,6.8,8876.4,..,22.8462377317339,68.1,4.7
200,Colombia,1995,7.0,9194.8,..,20.8918023831472,68.6,5.4
201,Colombia,1996,6.7,9194.6,..,20.7975598734749,69.1,2.4
202,Colombia,1997,6.5,9349.0,..,18.4700271205461,69.6,1.5
203,Colombia,1998,6.6,9273.7,..,18.6769813703821,70.1,2
204,Colombia,1999,6.3,8671.4,..,10.8736863110283,70.5,3.1
205,Colombia,2000,4.5,8769.6,..,9.22534683164607,71,3.7
206,Colombia,2001,4.3,8803.5,..,7.96556174992446,71.4,3.1
207,Colombia,2002,4.3,8909.2,..,6.35150775179008,71.8,4
208,Colombia,2003,4.1,9144.4,..,7.12978797192096,72.2,3.4
209,Colombia,2004,4.1,9518.3,..,5.90402196845383,72.6,1.3
210,Colombia,2005,4.3,9851.8,..,5.05101610591114,73.0,1.9
211,Colombia,2006,4.4,10390.9,..,4.29342591106117,73.3,1.1
212,Colombia,2007,4.5,10970.1,..,5.54438490326427,73.5,2
213,Colombia,2008,4.4,11209.1,..,6.99688257706963,73.8,1.8
214,Colombia,2009,4.2,11210.3,..,4.2025182736706,74.0,2.2
215,Colombia,2010,4.2,11578.6,..,2.27200261619586,74.3,2.6
216,Colombia,2011,4.3,12256.0,791.7,3.41503189601417,74.5,2.8
217,Colombia,2012,4.4,12611.3,838.3,3.16930259882816,74.7,2.6
218,Colombia,2013,4.3,13135.0,925.4,2.0169930918736,75.0,2.6
219,Colombia,2014,4.2,13496.9,987.3,2.89883811454338,75.2,3.6
220,Colombia,2015,4.2,13762.8,1035.0,4.98982905677886,75.4,4.7
221,Colombia,2016,4.5,13898.0,1101.6,7.51346059716102,75.7,4.5
222,Costa Rica,1980,4.6,..,..,18.135170796071,72.1,97.9
223,Costa Rica,1981,4.6,..,..,37.0563415239513,72.7,52.6
224,Costa Rica,1982,4.7,..,..,90.1213328504166,73.2,57.9
225,Costa Rica,1983,4.5,..,..,32.6237081487831,73.7,47.2
226,Costa Rica,1984,4.9,..,..,11.9474270118864,74.1,..
227,Costa Rica,1985,5,..,..,15.0574196445756,74.4,67.2
228,Costa Rica,1986,4.9,..,..,11.8350618936099,74.7,60.5
229,Costa Rica,1987,4.2,..,..,16.8424201630394,75,48.6
230,Costa Rica,1988,5.5,..,..,20.8325332309202,75.2,57.8
231,Costa Rica,1989,5.4,..,..,16.5098087687391,75.5,38.9
232,Costa Rica,1990,6.1,..,..,19.0397526635648,75.7,48.3
233,Costa Rica,1991,6.1,9391.2,..,28.7092913706618,75.8,40.1
234,Costa Rica,1992,5.6,10031.1,..,21.7911687900609,76,56
235,Costa Rica,1993,5.6,10510.8,..,9.7786007829378,76.2,63.8
236,Costa Rica,1994,6.1,10672.4,..,13.5344687273427,76.4,56.3
237,Costa Rica,1995,5.9,10801.5,..,23.1864981102567,76.6,58.4
238,Costa Rica,1996,5.6,10676.2,..,17.5114524814592,76.8,51.6
239,Costa Rica,1997,5.6,10973.9,..,13.2480440791191,76.9,51
240,Costa Rica,1998,5.6,11480.8,..,11.6592997742233,77.1,34.9
241,Costa Rica,1999,5.4,11681.1,..,10.0452817292494,77.3,46
242,Costa Rica,2000,4.2,11873.6,..,10.9615496593622,77.8,37.7
243,Costa Rica,2001,4.3,12029.4,..,11.2556157091172,78.1,28.2
244,Costa Rica,2002,4.2,12222.8,..,9.16752048509116,78.3,28.5
245,Costa Rica,2003,4.1,12567.9,..,9.44758091616977,78.5,31.8
246,Costa Rica,2004,4.1,12915.8,..,12.3148150178852,78.6,45
247,Costa Rica,2005,4.1,13217.3,..,13.7982949108987,78.8,32.2
248,Costa Rica,2006,4.2,13964.6,..,11.4705968149052,79.0,16.3
249,Costa Rica,2007,4.3,14904.1,..,9.35724456417162,79.1,14.3
250,Costa Rica,2008,4.3,15389.9,..,13.4244635507283,79.3,15.1
251,Costa Rica,2009,4.1,15025.6,..,7.84270167700652,79.4,8.8
252,Costa Rica,2010,3.7,15564.5,..,5.66275708420028,79.1,11.2
253,Costa Rica,2011,3.3,16097.8,1176.2,4.87799830970695,79.1,11.1
254,Costa Rica,2012,3.2,16662.7,1218.4,4.49545314354609,79.4,11.9
255,Costa Rica,2013,3.1,16861.5,1238.1,5.23133614174428,79.6,12.8
256,Costa Rica,2014,3.2,17238.0,1312.4,4.51920098516957,79.7,9.1
257,Costa Rica,2015,3.2,17649.3,1382.6,0.801982005099573,79.9,12.9
258,Costa Rica,2016,3.4,18171.9,1413.3,-0.017478850590792,80.0,8.2
259,Czech Republic,1980,11.7,..,..,..,70.4,..
260,Czech Republic,1981,12.3,..,..,..,70.8,..
261,Czech Republic,1982,11.9,..,..,..,70.9,..
262,Czech Republic,1983,12.2,..,..,..,70.7,..
263,Czech Republic,1984,12,..,..,..,70.9,..
264,Czech Republic,1985,11.7,..,..,..,71.2,..
265,Czech Republic,1986,11.3,..,..,..,71.1,45.6
266,Czech Republic,1987,10.4,..,..,..,71.6,49.7
267,Czech Republic,1988,10.5,..,..,..,71.8,57.5
268,Czech Republic,1989,10.5,..,..,..,71.8,45.6
269,Czech Republic,1990,11.3,22042.8,490.9,..,71.5,59.1
270,Czech Republic,1991,11.5,19584.7,438.4,..,72,42.1
271,Czech Republic,1992,11.8,19468.3,462.6,11.0865017841762,72.4,35.9
272,Czech Republic,1993,11.5,19456.2,658.3,20.813026140895,72.9,25.7
273,Czech Republic,1994,11.6,20011.5,725.1,10.0394242229761,73.2,16
274,Czech Republic,1995,11.5,21323.5,808.2,8.99053056374665,73.3,13.1
275,Czech Republic,1996,11.6,22266.3,858.8,8.7587747287811,74,9.4
276,Czech Republic,1997,11.9,22176.0,869.4,8.59615666715563,74.1,10.9
277,Czech Republic,1998,11.8,22115.6,888.9,10.6983655274889,74.7,15.4
278,Czech Republic,1999,11.9,22448.3,951.9,2.13544844417325,74.9,15.9
279,Czech Republic,2000,11.8,23369.8,1026,3.77538829151734,75.1,20.7
280,Czech Republic,2001,11.8,24194.7,1160.2,4.66267556988258,75.3,23.6
281,Czech Republic,2002,11.9,24631.0,1267.7,1.90298097019028,75.4,23.8
282,Czech Republic,2003,12.1,25511.5,1393.8,0.118739205526786,75.3,33.8
283,Czech Republic,2004,11.5,26725.8,1464.1,2.76010781671159,75.9,35
284,Czech Republic,2005,12.0,28414.5,1523.4,1.85709789109223,76.1,54
285,Czech Republic,2006,11.9,30241.1,1560.2,2.53399258343634,76.7,33.7
286,Czech Republic,2007,12.1,31752.3,1660.5,2.85312437211171,77.0,29.2
287,Czech Republic,2008,12.1,32270.8,1822.9,6.35866380152375,77.3,33.2
288,Czech Republic,2009,12.1,30586.6,2048.8,1.0193773532923,77.4,27.9
289,Czech Republic,2010,11.4,31254.7,2002,1.47272727272728,77.7,26.4
290,Czech Republic,2011,11.5,31867.2,2041.9,1.91721913635548,78.0,34.5
291,Czech Republic,2012,11.6,31579.1,2090.5,3.28762306610408,78.1,29.0
292,Czech Republic,2013,11.5,31560.3,2448.5,1.43829787234044,78.3,30.7
293,Czech Republic,2014,11.9,32231.1,2564.6,0.343988589646767,78.9,29.5
294,Czech Republic,2015,11.5,33909.3,2544.9,0.309364548494994,78.7,36.7
295,Czech Republic,2016,11.7,34696.2,2671.0,0.683504209385704,79.1,30.2
296,Denmark,1980,12.4,29532.8,797.1,12.3053226082492,74.2,38.2
297,Denmark,1981,12.9,29347.5,871.6,11.767387991466,74.3,38.7
298,Denmark,1982,13.3,30452.6,956.1,10.1208233890215,74.7,39.3
299,Denmark,1983,13.7,31267.6,1003.4,6.9082289197426,74.5,36.2
300,Denmark,1984,13,32589.4,1025.3,6.29078238834338,74.7,68.1
301,Denmark,1985,13.1,33880.9,1106.7,4.67874597687445,74.5,79.9
302,Denmark,1986,12.8,35493.9,1167.6,3.67818709787624,74.7,74.8
303,Denmark,1987,12.5,35535.6,1251.1,4.01999011477842,74.8,68
304,Denmark,1988,12.5,35510,1313.4,4.53513542051633,74.9,103.5
305,Denmark,1989,12.2,35725.2,1359.3,4.77272727272726,74.9,112
306,Denmark,1990,12.3,36195.8,1441.5,2.6416003856351,74.9,126.8
307,Denmark,1991,12.2,36600.5,1484,2.39515333677735,75.3,119.7
308,Denmark,1992,12.5,37194.1,1554.4,2.0960418291061,75.3,129.2
309,Denmark,1993,12.3,37069.1,1646.9,1.25786163522011,75.2,145.7
310,Denmark,1994,12.5,38918.2,1708.5,1.99201419698313,75.5,98.7
311,Denmark,1995,12.7,39912.5,1715,2.08360520248815,75.3,104.6
312,Denmark,1996,12.7,40820.3,1814,2.12629964206578,75.7,120.9
313,Denmark,1997,12.6,41967.9,1891.7,2.18216714649311,76.1,122.7
314,Denmark,1998,12.1,42753.2,1914.2,1.84565128623929,76.5,143.8
315,Denmark,1999,12.1,43864.7,2181.7,2.49779488413117,76.6,207.1
316,Denmark,2000,12.2,45363.3,2345.7,2.9032770873677,76.9,176.5
317,Denmark,2001,12.0,45574.5,2472.3,2.33787483702739,77,191.1
318,Denmark,2002,11.8,45625.2,2711.7,2.42443661219695,77.1,253.4
319,Denmark,2003,12.0,45684.2,2723.1,2.07507820646506,77.4,237.7
320,Denmark,2004,11.8,46790.3,2920.6,1.15435693124937,77.8,276.3
321,Denmark,2005,11.8,47742.3,3015,1.81781458291256,78.3,273.6
322,Denmark,2006,11.6,49446.2,3289.2,1.92422138464586,78.4,273.3
323,Denmark,2007,11.6,49685.6,3563.1,1.69326586220323,78.4,292.5
324,Denmark,2008,11.3,49134.2,3777.7,3.4162679425837,78.8,285.1
325,Denmark,2009,10.6,46469.7,4016.2,1.30470991024337,79.0,252.9
326,Denmark,2010,10.8,47134.3,4272.4,2.31092436974791,79.3,244.6
327,Denmark,2011,11.0,47567.1,4274.1,2.75868226051244,79.9,221.4
328,Denmark,2012,9.8,47495.8,4433.4,2.39791485664642,80.2,218.1
329,Denmark,2013,10.0,47751.2,4525.7,0.789071780078051,80.4,204.5
330,Denmark,2014,10.1,48266.5,4597.5,0.564020540449527,80.7,181.1
331,Denmark,2015,9.9,49058.1,4726.8,0.452034153691607,80.8,202.5
332,Denmark,2016,10.0,50235.0,4900.9,0.250000000000028,80.9,179.4
333,Estonia,1980,..,..,..,..,69.5,..
334,Estonia,1981,..,..,..,..,69.3,140.5
335,Estonia,1982,..,..,..,..,69.9,171.2
336,Estonia,1983,..,..,..,..,69.8,..
337,Estonia,1984,..,..,..,..,69.6,..
338,Estonia,1985,..,..,..,..,69.8,65
339,Estonia,1986,..,..,..,..,70.9,91.4
340,Estonia,1987,..,..,..,..,70.9,48.7
341,Estonia,1988,..,..,..,..,71,68.9
342,Estonia,1989,..,..,..,..,70.5,48.3
343,Estonia,1990,9.8,..,..,..,69.9,89.3
344,Estonia,1991,9.1,..,..,..,69.8,127.6
345,Estonia,1992,7.8,..,..,..,69.1,72.2
346,Estonia,1993,8.1,11064.5,..,..,68.1,102.2
347,Estonia,1994,8.2,11135.5,..,..,66.6,66.5
348,Estonia,1995,8.3,11871.9,..,..,67.7,88.2
349,Estonia,1996,8.0,12658.9,..,..,69.9,51.7
350,Estonia,1997,8.3,14506.3,..,..,70.1,16.9
351,Estonia,1998,8.0,15276.0,..,8.74475061724624,69.7,21.1
352,Estonia,1999,8.9,15364.4,510.2,3.29611089718905,70.6,39.6
353,Estonia,2000,9.0,16647.6,543,4.01848952508761,71.1,41.4
354,Estonia,2001,10.1,17756.0,545.2,5.74827981651376,70.9,116.2
355,Estonia,2002,12.0,19084.4,624.7,3.57191270164023,71.4,90.5
356,Estonia,2003,11.8,20658.8,700.3,1.33499116549963,71.9,244.3
357,Estonia,2004,11.5,22208.2,814.1,3.04811107523411,72.4,231
358,Estonia,2005,13.0,24456.3,888.9,4.07971423199851,73.0,314.1
359,Estonia,2006,13.4,27007.5,946.2,4.43762042389208,73.2,208.9
360,Estonia,2007,14.8,29223.2,1137.9,6.60132603055637,73.2,374.5
361,Estonia,2008,14.2,27816.7,1291.7,10.3623580313683,74.4,228.4
362,Estonia,2009,11.9,23795.4,1307.6,-0.078408311280987,75.3,168.6
363,Estonia,2010,11.4,24420.9,1363.5,2.97204512015693,76.0,146.6
364,Estonia,2011,12.0,26265.5,1403.7,4.98190131453612,76.6,145
365,Estonia,2012,12.1,27205.5,1515.1,3.93339987296977,76.7,136.9
366,Estonia,2013,11.9,27706.8,1636.1,2.78056658954996,77.5,101.8
367,Estonia,2014,11.1,28636.6,1821.2,-0.106175146521696,77.4,109.0
368,Estonia,2015,10.6,29222.7,1940.4,-0.492326006547326,78.0,105.1
369,Estonia,2016,10.2,30085.3,2096.5,0.148684907627337,78.0,94.7
370,Finland,1980,7.9,23751.8,492.8,11.5946198662159,73.7,67
371,Finland,1981,8,23961.6,554.4,11.3057548572915,74,71.3
372,Finland,1982,7.9,24568.6,608.7,9.58493082180363,74.6,86.7
373,Finland,1983,7.9,25183.5,659.1,8.36629145117127,74.5,89
374,Finland,1984,8.1,25860.4,715.3,7.06765861875351,74.9,104
375,Finland,1985,8,26666.8,805.6,5.19562276501647,74.5,105.5
376,Finland,1986,8.5,27312.5,863.6,2.93357779814983,74.9,117.3
377,Finland,1987,8.8,28209.1,946.6,4.11302728524005,74.9,67.3
378,Finland,1988,9,29594.4,1028.5,5.08593203203985,74.8,73.3
379,Finland,1989,9.4,30987.8,1134.3,6.59291053060016,75,71.8
380,Finland,1990,9.5,31057.8,1261.6,6.14956126057363,75.1,75.6
381,Finland,1991,9.2,29070.5,1350.3,4.31021551077553,75.5,74.9
382,Finland,1992,8.9,27955,1334.3,2.91932313887161,75.7,62
383,Finland,1993,8.4,27636.2,1226.3,2.19065362521346,75.9,76.5
384,Finland,1994,8.2,28607.7,1218.2,1.08855836283254,76.7,78.1
385,Finland,1995,8.3,29700.3,1346.2,0.791236215713251,76.7,80.3
386,Finland,1996,8.2,30688.5,1418.2,0.629198126572971,77,134.6
387,Finland,1997,8.6,32535.7,1475.3,1.19255646009493,77.2,130.6
388,Finland,1998,8.6,34220.0,1524,1.39947131083817,77.4,175.9
389,Finland,1999,8.6,35635.8,1609.6,1.16223698334931,77.6,201
390,Finland,2000,8.6,37615.2,1876.8,3.04209645754528,77.8,186.5
391,Finland,2001,9.0,38509.2,1982.3,2.57844076836537,78.2,136.6
392,Finland,2002,9.2,39071.7,2201.2,1.57122082395661,78.3,128.4
393,Finland,2003,9.3,39759.8,2277.1,0.877438551306575,78.6,121.8
394,Finland,2004,9.9,41226.9,2478.7,0.187123374563893,79.0,138.7
395,Finland,2005,10.0,42228.3,2573.5,0.623871195822717,79.1,94.4
396,Finland,2006,10.1,43760.5,2752.7,1.56666666666667,79.5,86
397,Finland,2007,10.5,45884.4,3004.9,2.51066622907777,79.6,90.9
398,Finland,2008,10.3,46029.2,3243.8,4.06595165679525,79.9,79.7
399,Finland,2009,10.0,42110.5,3281.5,-1.2e-14,80.1,83.8
400,Finland,2010,9.7,43253.6,3427.3,1.18413495592236,80.2,91.4
401,Finland,2011,9.8,44150.6,3598.3,3.41680903370973,80.6,71.1
402,Finland,2012,9.3,43326.9,3786.2,2.80833232604055,80.7,91.1
403,Finland,2013,9.1,42738.9,3933.2,1.4782881329362,81.1,86.0
404,Finland,2014,8.8,42399.7,3955.8,1.04120000617923,81.3,96.0
405,Finland,2015,8.5,42490.2,3992.5,-0.207932040461464,81.6,..
406,Finland,2016,8.4,43567.2,4103.6,0.356684500891694,81.5,97.6
407,France,1980,20.1,26273.1,659.8,13.5625775768907,74.3,139.6
408,France,1981,19.5,26404.1,..,13.3144002672903,74.5,143.8
409,France,1982,19.4,26903.1,..,11.9784756007666,74.8,146.1
410,France,1983,18.8,27090.4,..,9.45954841682575,74.8,151.1
411,France,1984,17.9,27366.8,..,7.67380322347846,75.3,147.5
412,France,1985,17.6,27672.5,1001.1,5.83109919571047,75.4,144.2
413,France,1986,17.1,28175.1,..,2.53852649356134,75.7,142
414,France,1987,16.8,28740.5,..,3.28889803901383,76.3,127.3
415,France,1988,16.8,29930.6,..,2.70081722144708,76.6,138.4
416,France,1989,17,31045.4,..,3.49830179524503,76.7,143.1
417,France,1990,15.4,31778.7,1459.1,3.19428216029331,77,141
418,France,1991,15.4,31951.6,1558,3.21340732409684,77.2,137.7
419,France,1992,15.4,32302.1,1651.1,2.36376046269352,77.5,141.4
420,France,1993,14.7,31960,1753.5,2.10446277124644,77.5,146.9
421,France,1994,14.6,32592.4,1817,1.65551532926996,78,147
422,France,1995,14.5,33158.8,2100.9,1.79648142095597,78.1,138.5
423,France,1996,14.5,33508.0,2169.5,1.98288365089732,78.2,132.1
424,France,1997,14.3,34169.0,2236.6,1.20394294026969,78.6,118.6
425,France,1998,14.5,35265.2,2321.9,0.651126867833024,78.8,122.6
426,France,1999,14.4,36284.3,2431.3,0.537141639134603,78.9,134.3
427,France,2000,13.9,37450.4,2687.5,1.6759598872093,79.2,145.2
428,France,2001,14.1,37916.2,2875.3,1.634780795496,79.3,148.3
429,France,2002,13.9,38068.8,3152,1.9234122872706,79.4,144.8
430,France,2003,13.4,38111.4,3056.3,2.09847219146922,79.3,147.1
431,France,2004,13.1,38902.3,3170.9,2.14208964640241,80.4,137
432,France,2005,12.9,39253.2,3264.6,1.74586936380482,80.4,145.9
433,France,2006,13.1,39935.9,3444.9,1.67512449608725,81.0,135.4
434,France,2007,12.9,40652.4,3588.2,1.48799805953857,81.3,137.3
435,France,2008,12.5,40529.3,3729.4,2.81286194914789,81.4,140.3
436,France,2009,12.6,39163.4,3880.8,0.087620478157469,81.6,138.6
437,France,2010,12.3,39730.9,4045.1,1.53112270420926,81.9,136.3
438,France,2011,12.4,40403.9,4161.7,2.11159795174999,82.3,120.5
439,France,2012,12.2,40332.2,4299.4,1.95419531613503,82.1,118.4
440,France,2013,11.6,40355.6,4545.0,0.863715497861823,82.4,111.7
441,France,2014,12.0,40544.3,4626.7,0.507758822937963,82.9,105.1
442,France,2015,11.9,40829.9,4667.2,0.037514380512553,82.4,106.8
443,France,2016,11.7,41122.8,4928.1,0.183334861123878,82.7,110.5
444,Germany,1980,16.5,27523.1,908.2,5.44105523495467,72.9,..
445,Germany,1981,16,27628.2,1014.7,6.34424215346809,73.2,..
446,Germany,1982,15.7,27548.3,1044.5,5.24104610860203,73.5,..
447,Germany,1983,15.8,28057.8,1104.6,3.29341317365268,73.8,..
448,Germany,1984,15.1,28952.1,1196.6,2.40579710144932,74.3,..
449,Germany,1985,15.1,29694,1298.6,2.06623266345876,75.1,..
450,Germany,1986,14.7,30364.6,1386.5,-0.129413939730045,75.3,..
451,Germany,1987,14.8,30779.3,1480.1,0.249907441688234,75.8,..
452,Germany,1988,14.6,31758.1,1616.3,1.27412057981723,76,..
453,Germany,1989,14.6,32759.9,1596.2,2.78056340596224,76.1,..
454,Germany,1990,14.9,34182.9,1724.3,2.69646975341492,77.4,204.2
455,Germany,1991,13.9,35655.5,..,4.04703400991228,75.7,231.8
456,Germany,1992,13.8,36103.2,2019.3,5.05698005698006,76.2,233.5
457,Germany,1993,13.5,35553.6,2040.3,4.47457627118645,76.2,226.4
458,Germany,1994,13.4,36313.8,2188.7,2.6930564568462,76.6,228
459,Germany,1995,13.4,36801.5,2349.1,1.70616113744075,76.7,215.2
460,Germany,1996,13.1,37026.1,2480.2,1.4497255876566,77,215.2
461,Germany,1997,13.0,37669.4,2496.2,1.93936919465145,77.4,202.9
462,Germany,1998,12.7,38458.2,2566,0.911184539901882,77.8,191.6
463,Germany,1999,12.8,39195.6,2697.9,0.585433617781281,78,188
464,Germany,2000,12.9,40319.8,2895.5,1.44026832396175,78.3,173.2
465,Germany,2001,12.5,40967.6,3009.4,1.98385685111349,78.6,142.9
466,Germany,2002,12.3,40855.9,3239.8,1.4208067130733,78.6,139.7
467,Germany,2003,11.9,40584.3,3329.4,1.03422339225272,78.6,143.1
468,Germany,2004,11.8,41108.1,3391.5,1.66573608784666,79.3,135.5
469,Germany,2005,11.7,41469.5,3430,1.54691075514875,79.4,141.6
470,Germany,2006,11.8,43139.1,3567.1,1.57742924103119,79.9,128.5
471,Germany,2007,11.5,44522.4,3750.8,2.29834058035317,80.1,131
472,Germany,2008,11.4,45076.6,3955.1,2.62838306731439,80.2,139
473,Germany,2009,11.2,42658.5,4158.3,0.312737722931263,80.3,135.7
474,Germany,2010,11.6,44551.7,4423.1,1.10380856083584,80.5,135.9
475,Germany,2011,11.3,46305.6,4566.7,2.07517293107759,80.6,130.3
476,Germany,2012,11.3,46412.1,4745.5,2.00849118223387,80.7,130.9
477,Germany,2013,11.1,46488.0,4951.7,1.50472226668799,80.6,143.7
478,Germany,2014,11.1,47317.5,5151.7,0.906797035167938,81.2,135.0
479,Germany,2015,11.1,47609.6,5296.0,0.51442101158706,80.7,146.5
480,Germany,2016,11.0,48280.0,5669.1,0.491748624770773,81.0,138.5
481,Greece,1980,13.2,22455.9,..,24.675885911841,75.3,40.1
482,Greece,1981,12,21911.6,..,24.5060658578856,75.7,39.3
483,Greece,1982,11,21528.3,..,20.9910913140312,75.9,39.3
484,Greece,1983,11.8,21172.8,..,20.1794753796594,75.7,37.8
485,Greece,1984,11.6,21491.6,..,18.4568255791691,76.2,31.9
486,Greece,1985,10.9,21946.6,..,19.314692096331,76,21
487,Greece,1986,8.9,21987.3,..,23.015442969385,76.4,20.6
488,Greece,1987,9.8,21417.6,..,16.3968725911243,76.2,14.6
489,Greece,1988,10.1,22255.9,617.2,13.5288552507096,76.8,11.3
490,Greece,1989,10.2,22980.3,736.2,13.6555642491724,77,13.6
491,Greece,1990,10.3,22819.5,773.7,20.4334921355112,77.1,8.9
492,Greece,1991,10.2,23329.5,796.1,19.4558469181926,77.3,6.7
493,Greece,1992,10,23322,887.7,15.8770676259466,77.2,11.5
494,Greece,1993,10.7,22823,1001.5,14.4112677334119,77.6,9.3
495,Greece,1994,10.4,23174.4,1140.6,10.8740794338332,77.8,8.3
496,Greece,1995,10.1,23598.0,1191.4,8.93451397844176,77.8,8.9
497,Greece,1996,9.7,24166.7,1234,8.19454859355109,77.9,12.7
498,Greece,1997,9.5,25126.0,1289.1,5.53600312501777,78.4,7.2
499,Greece,1998,9.0,25960.4,1328.6,4.76622558738949,78.3,4.5
500,Greece,1999,9.5,26655.8,1390.3,2.63663843209496,78.5,3.3
501,Greece,2000,8.6,27587.6,1418.4,3.15117752161275,78.6,3.9
502,Greece,2001,8.8,28578.4,1700.9,3.37396640971281,79.1,3.1
503,Greece,2002,8.2,29590.9,1951.1,3.62936293662934,79.2,6
504,Greece,2003,8.9,31230.8,2048.7,3.53065079124997,79.3,5.2
505,Greece,2004,9.1,32730.3,2100.8,2.89884797037117,79.4,5.2
506,Greece,2005,9.2,32830.0,2193.6,3.54507304642513,79.6,6
507,Greece,2006,8.7,34581.7,2303.1,3.19594597015618,79.9,6.6
508,Greece,2007,8.9,35622.9,2425.5,2.89500101988337,79.7,7.6
509,Greece,2008,8.7,35409.4,2665.5,4.15279636050494,80.2,8.7
510,Greece,2009,8.3,33797.6,2735.6,1.21007395066187,80.4,7.7
511,Greece,2010,8.3,31904.7,2606.6,4.71298158606682,80.6,6.5
512,Greece,2011,7.5,28709.0,2289.6,3.32987017049401,80.8,8
513,Greece,2012,7.6,26819.2,2145.5,1.50151977707713,80.7,8.9
514,Greece,2013,7.6,26334.7,2087.9,-0.921271892644809,81.4,5.7
515,Greece,2014,7.1,26636.9,2011.1,-1.31224241022506,81.5,13.7
516,Greece,2015,6.7,26760.3,2122.9,-1.73590237199746,81.1,24.5
517,Greece,2016,6.7,26740.9,2258.3,-0.825657589847188,81.5,25.3
518,Hungary,1980,14.9,..,..,..,69.1,42
519,Hungary,1981,14.8,..,..,4.66141001855288,69.2,80.5
520,Hungary,1982,14.8,..,..,6.83580766674053,69.4,74.1
521,Hungary,1983,14.5,..,..,7.27989214974591,69,110.5
522,Hungary,1984,14.9,..,..,8.46785886901886,69.1,144.3
523,Hungary,1985,14.7,..,..,6.94234025487924,69.1,129.5
524,Hungary,1986,14.5,..,..,5.29166666666667,69.3,133.1
525,Hungary,1987,13.5,..,..,8.67431737237833,69.8,130.4
526,Hungary,1988,13.1,..,..,15.7235452625446,70.2,156
527,Hungary,1989,14.1,..,..,17.1491504090624,69.5,189.8
528,Hungary,1990,13.9,..,..,28.3695944131077,69.4,194.9
529,Hungary,1991,13.3,16036.7,589.8,34.8175426849682,69.4,196.8
530,Hungary,1992,13,15578.4,627.2,23.6557171995852,69.2,245.2
531,Hungary,1993,13.1,15533.8,647.8,22.4642409033877,69.2,309
532,Hungary,1994,12.9,16043.1,727.7,18.8680791770829,69.6,332.3
533,Hungary,1995,12.2,16174.9,685.4,28.3054645750733,70,322.4
534,Hungary,1996,12.5,16216.1,692.8,23.4690313045815,70.6,187.5
535,Hungary,1997,12.3,16759.5,698.3,18.3050773683867,71.1,226.8
536,Hungary,1998,12.2,17453.7,768.8,14.1537895511405,71,182.6
537,Hungary,1999,12.2,18040.7,823.2,9.99774390047379,71.1,196.2
538,Hungary,2000,12.0,18897.8,906.9,9.80360785079527,71.9,118.5
539,Hungary,2001,13.2,19712.9,996,9.11680911680911,72.5,83.2
540,Hungary,2002,13.3,20706.4,1167.2,5.26544821583986,72.6,78.4
541,Hungary,2003,13.2,21611.8,1364.9,4.66101694915255,72.6,93.5
542,Hungary,2004,13.2,22743.7,1381.5,6.74434679569466,73.0,99.8
543,Hungary,2005,13.0,23767.6,1463.5,3.56151711378355,73.0,144.7
544,Hungary,2006,13.2,24744.0,1511.4,3.93032603841001,73.5,139
545,Hungary,2007,12.6,24851.1,1430,7.95874516544907,73.6,123
546,Hungary,2008,11.8,25144.6,1492.6,6.04251253881061,74.2,123.5
547,Hungary,2009,11.5,23522.0,1492.6,4.2117117117117,74.4,112.4
548,Hungary,2010,10.8,23829.0,1666.2,4.85555795691953,74.7,115.8
549,Hungary,2011,11.4,24342.7,1755.5,3.92992098935076,75.1,112
550,Hungary,2012,11.1,24162.8,1766.5,5.65214517088648,75.3,102.9
551,Hungary,2013,10.6,24666.2,1821.6,1.73319984983108,75.8,103.6
552,Hungary,2014,10.9,25779.5,1863.8,-0.227566270988392,76.0,111.5
553,Hungary,2015,10.8,26798.9,1891.2,-0.061644680064104,75.7,108.9
554,Hungary,2016,11.1,27469.6,1999.7,0.394769306686411,76.2,118.5
555,Iceland,1980,5,28048.5,721.8,58.5284280936455,76.8,11.3
556,Iceland,1981,5.1,28910,822.5,51.7932489451477,76.4,0
557,Iceland,1982,4.9,29129.8,925.3,50.2432244614316,77,0
558,Iceland,1983,5.1,28137.1,984.3,83.950046253469,76.7,13.8
559,Iceland,1984,5.4,28998.4,962.9,30.8524013075182,77.6,0
560,Iceland,1985,5.3,29716.9,1046.3,31.9946195234435,77.6,0
561,Iceland,1986,5.5,31345.8,1248.2,22.1284029698646,78,29.8
562,Iceland,1987,5.6,33643.7,1472,18.2977708904518,77.3,1.5
563,Iceland,1988,5.5,33085.8,1597.4,25.7255139056832,77.1,22.7
564,Iceland,1989,5.4,32795.8,1557.3,20.7581950789453,78.2,39.1
565,Iceland,1990,5.1,32913.4,1575.2,15.5107187894073,78.1,7
566,Iceland,1991,5,32431,1662.6,6.80877959089863,78,48
567,Iceland,1992,4.6,30964.8,1665.7,3.94771218135086,78.8,36.2
568,Iceland,1993,4.4,31050.4,1697.8,4.04285016836068,79,12.8
569,Iceland,1994,4.6,31904.9,1751.6,1.55265726199979,79.3,28.8
570,Iceland,1995,4.7,31774.8,1810.7,1.65123187139611,78,4
571,Iceland,1996,4.8,33040.7,1886.5,2.26042114310272,78.8,38.3
572,Iceland,1997,5.1,34689.7,2019.1,1.81543116490166,78.9,37
573,Iceland,1998,5.5,36849.3,2334.4,1.65923724616149,79.7,16.1
574,Iceland,1999,5.9,37865.9,2575.6,3.23183110028419,79.4,160.3
575,Iceland,2000,6.2,39188.1,2658.9,5.13647447494691,79.7,40.2
576,Iceland,2001,6.4,40203.3,2751.1,6.40508556785875,80.7,46
577,Iceland,2002,6.6,40076.8,3057.1,5.19702311745273,80.6,52.3
578,Iceland,2003,6.6,40695.0,3106.9,2.05566174716793,81.0,23.6
579,Iceland,2004,6.8,43375.4,3262.5,3.1581953685487,81.1,52.8
580,Iceland,2005,7.1,45518.6,3280.8,3.98704844136883,81.5,52.7
581,Iceland,2006,7.2,47058.1,3394,6.68707370413332,81.2,65.4
582,Iceland,2007,7.5,49873.1,3559.8,5.05156384162694,81.5,25.7
583,Iceland,2008,7.2,49698.3,3612.5,12.6944019295855,81.6,17.2
584,Iceland,2009,7.2,45918.3,3480.9,12.0031170502683,81.8,16.9
585,Iceland,2010,6.8,44785.9,3264.3,5.3967316377009,81.9,19.7
586,Iceland,2011,6.8,45469.5,3312.5,4.00102616588045,82.4,20.7
587,Iceland,2012,6.8,45709.6,3399.0,5.18590038356556,83.0,17.0
588,Iceland,2013,6.8,47332.9,3498.1,3.87227512558777,82.1,50.8
589,Iceland,2014,7.0,47602.3,3599.6,2.04461895078462,82.9,16.6
590,Iceland,2015,7.7,49203.3,3733.4,1.63305848210027,82.5,57.6
591,Iceland,2016,7.5,51587.6,3932.1,1.69693023930588,82.2,27.9
592,Ireland,1980,9.6,18679.3,475.5,18.1544633901705,72.9,10.1
593,Ireland,1981,9.1,19065,491.6,20.3735144312394,72.9,7.5
594,Ireland,1982,8.8,19293,516.6,17.1471130924959,72.9,5.9
595,Ireland,1983,8,19108.6,542.6,10.4476314610748,..,13.5
596,Ireland,1984,9.6,19805,566.5,8.65110984632896,..,14
597,Ireland,1985,10,20346.9,606.6,5.39549502357258,73.4,23.2
598,Ireland,1986,9.6,20254.1,620.3,3.82703777335985,73.5,12.1
599,Ireland,1987,9.5,21192.5,639.5,3.15940641455239,74.3,23.1
600,Ireland,1988,9.9,22374,663.9,2.13457076566124,74.4,20.5
601,Ireland,1989,10.2,23816.5,701,4.089050431622,74.4,23.4
602,Ireland,1990,11.2,25862.4,752,3.31732867743346,74.8,20.7
603,Ireland,1991,11.2,26211.9,839.7,3.21081537811574,75,31.8
604,Ireland,1992,11.4,26867.3,919.4,3.06999590667209,75.4,61
605,Ireland,1993,11.2,27444,992.8,1.46942017474191,75.3,59.9
606,Ireland,1994,11.2,28926.5,1040.8,2.30919765166338,75.8,57
607,Ireland,1995,11.5,31578.7,1130.5,2.52486610558531,75.5,87.1
608,Ireland,1996,12.2,33677.2,1185.7,1.75373134328355,75.8,107
609,Ireland,1997,12.8,36999.2,1288.5,1.52560487120497,76,162.2
610,Ireland,1998,13.2,39702.2,1395.6,2.41551787239233,76.2,188.6
611,Ireland,1999,13.8,43408.3,1498.3,1.63192376414532,76.1,182.8
612,Ireland,2000,14.2,46872.6,1829.8,5.59071729957808,76.6,170.6
613,Ireland,2001,14.5,48598.9,2134.4,4.87290487290485,77.2,151.2
614,Ireland,2002,14.3,50575.1,2418.9,4.614733276884,77.7,133.8
615,Ireland,2003,13.5,51250.4,2578.8,3.49048968029139,78.2,123.9
616,Ireland,2004,13.6,53782.9,2804.8,2.19962850718546,78.6,170.9
617,Ireland,2005,13.4,55603.0,3093.4,2.42969198392958,79.0,145.1
618,Ireland,2006,13.4,56875.0,3204.8,3.93163989540528,79.3,167.2
619,Ireland,2007,13.2,58120.7,3384.2,4.89711564381348,79.7,6.7
620,Ireland,2008,12.2,54331.0,3643.3,4.06030495117357,80.2,9.5
621,Ireland,2009,11.0,51072.6,3855.1,-4.47810339150479,80.2,11.6
622,Ireland,2010,11.6,51697.3,4051,-0.922095829024488,80.8,10.2
623,Ireland,2011,11.7,51914.7,4197.6,2.55718883186918,80.9,19.1
624,Ireland,2012,11.5,51698.4,4358.9,1.69620897294548,80.9,18.7
625,Ireland,2013,10.6,52024.6,4299.9,0.508714869485458,81.0,14.3
626,Ireland,2014,10.8,56130.5,4196.7,0.182542316627925,81.4,16.5
627,Ireland,2015,10.7,69165.9,4295.5,-0.289879079012778,81.5,21.3
628,Ireland,2016,11.2,69763.1,4536.7,0.008306337735702,81.7,..
629,Israel,1980,2.9,18333.1,..,131.02499834078,73.9,60.4
630,Israel,1981,2.8,18987.6,..,116.800007902863,74.3,67.9
631,Israel,1982,2.7,19096.2,..,120.364391998424,74.2,73
632,Israel,1983,2.8,19393.5,..,145.95150861706,74.5,111.4
633,Israel,1984,2.7,19229.6,..,373.215653839258,75,95.4
634,Israel,1985,2.7,19656.1,..,309.931709657397,75.4,85.8
635,Israel,1986,2.3,20127.4,..,47.8885135135135,75.1,111.9
636,Israel,1987,2.3,21202.4,..,19.0748143917761,75.4,100.1
637,Israel,1988,2.2,21454.2,..,16.4028776978418,75.6,95.4
638,Israel,1989,2,21214.3,..,20.3543469303667,76.2,94.3
639,Israel,1990,1.8,22143.6,..,17.1858952413557,76.7,73.6
640,Israel,1991,1.7,22973.4,..,19.1352614665498,76.8,47.2
641,Israel,1992,1.8,23862.5,..,12.0156939676312,76.6,67.4
642,Israel,1993,2.2,23968.6,..,10.9238178633975,77.2,54.1
643,Israel,1994,1.7,24865.9,..,12.2755081902507,77.4,46.2
644,Israel,1995,1.5,25623.2,1162.4,9.93144665143257,77.4,46.1
645,Israel,1996,1.6,26461.6,1254.5,11.4166933162776,78.1,52.5
646,Israel,1997,2.0,26775.5,1342.1,8.96957520091845,78.1,40.6
647,Israel,1998,2.1,27203.8,1383.1,5.49190043461084,78.2,42.3
648,Israel,1999,2.0,27388.9,1369.4,5.18102372034957,78.5,63.9
649,Israel,2000,2.6,28975.9,1550.1,1.03264094955489,78.8,59.7
650,Israel,2001,2.8,28384.3,1653.1,1.1513157894737,79.3,65.9
651,Israel,2002,2.8,27774.4,1691.5,5.77235772357723,79.6,67.6
652,Israel,2003,2.6,27645.6,1634.4,0.702756121664635,79.8,51.4
653,Israel,2004,2.4,28448.7,1708.1,-0.381637771235403,80.3,72
654,Israel,2005,2.5,29094.4,1756.3,1.31348511383539,80.3,50
655,Israel,2006,2.3,30167.4,1744.4,2.06352636127917,80.7,56.7
656,Israel,2007,2.5,31410.7,1853.6,0.455170953741907,80.7,50.4
657,Israel,2008,2.6,31847.3,1844.7,4.5521601685985,81.1,58.3
658,Israel,2009,2.7,31566.1,1909.4,3.35617818988107,81.5,44.3
659,Israel,2010,2.8,32748.0,1970.9,2.69137006338374,81.7,43.9
660,Israel,2011,2.8,33935.6,2081.8,3.48494919760706,81.8,46.8
661,Israel,2012,2.9,34179.2,2223.3,1.67920719398055,81.8,41.3
662,Israel,2013,2.9,35029.2,2238.5,1.57025539211263,82.1,49.9
663,Israel,2014,2.7,35710.5,2237.6,0.479786761439343,82.2,53.1
664,Israel,2015,2.7,35877.1,2310.0,-0.60129100716243,82.2,60.1
665,Israel,2016,2.7,36769.5,2524.1,-0.551552352993504,82.5,57.1
666,Italy,1980,16.7,26592.9,..,21.0641736314828,74,32
667,Italy,1981,15.1,26781.1,..,17.9692966149136,74.3,36.4
668,Italy,1982,14.5,26876.1,..,16.4804074126468,74.7,40.8
669,Italy,1983,14.6,27180.4,..,14.6465873208647,74.8,41.1
670,Italy,1984,14.1,28051,..,10.7944915254237,75,46.6
671,Italy,1985,13.2,28827.5,..,9.20599244669663,75.6,38.3
672,Italy,1986,12.4,29650.3,..,5.82354411397151,75.9,39.8
673,Italy,1987,11.8,30593.7,..,4.74728389230041,76.3,48
674,Italy,1988,11.4,31861.5,1052.8,5.05824877865465,76.5,74.1
675,Italy,1989,11,32916.4,1122.5,6.25983688653599,77,85.7
676,Italy,1990,11,33542,1274,6.45660809264121,77.1,106.8
677,Italy,1991,10.8,34024.2,1387.5,6.25000000000001,77.1,113.4
678,Italy,1992,10.6,34295,1403.6,5.2705882352941,77.5,110
679,Italy,1993,10.3,33981.8,1398.3,4.62673223066608,77.8,80.2
680,Italy,1994,10.1,34705.7,1413,4.05184077476324,78,85.1
681,Italy,1995,9.6,35707.0,1464.8,5.23542294004927,78.3,93.7
682,Italy,1996,9.1,36149.1,1528.9,4.00698055537492,78.7,100.5
683,Italy,1997,9.1,36791.3,1651.8,2.04310552039097,79,82.8
684,Italy,1998,9.0,37446.7,1736.6,1.95508793969852,79.1,85.4
685,Italy,1999,8.9,38049.1,1802,1.66345783596456,79.6,73
686,Italy,2000,9.8,39472.1,2030.5,2.53768653889857,79.9,67.8
687,Italy,2001,9.7,40215.7,2151.7,2.78516548463358,80.3,57.4
688,Italy,2002,9.3,40240.1,2292.7,2.46532020412564,80.4,42
689,Italy,2003,9.3,40078.7,2289.3,2.67255892255893,80.1,46.5
690,Italy,2004,9.0,40347.7,2451,2.2067363530778,80.9,48.5
691,Italy,2005,8.7,40441.0,2504.1,1.98529411764704,80.9,51.6
692,Italy,2006,8.4,41000.7,2662.5,2.09084354722423,81.4,36.6
693,Italy,2007,8.4,41358.1,2695.6,1.82973805855163,81.6,34.1
694,Italy,2008,8.0,40645.5,2932.5,3.34783431057309,81.7,28.3
695,Italy,2009,7.3,38276.5,2937.5,0.774768179599804,81.8,26.0
696,Italy,2010,7.0,38760.5,3104.5,1.52551607240149,82.2,26.2
697,Italy,2011,7.0,38899.8,3098.3,2.78063323594298,82.4,29.2
698,Italy,2012,7.5,37637.1,3071.6,3.04136253041363,82.4,29.9
699,Italy,2013,7.4,36870.5,3042.9,1.21999212908304,82.9,29.7
700,Italy,2014,7.6,36863.2,3036.9,0.24105754276825,83.2,26.9
701,Italy,2015,7.1,37206.3,3088.9,0.038786750446063,82.7,31
702,Italy,2016,7.1,37759.3,3274.0,-0.094021401985132,83.4,27.1
703,Japan,1980,7.1,22569.5,535,7.7,76.1,28.7
704,Japan,1981,7.2,23363,604,4.9,76.5,26.3
705,Japan,1982,7.3,23961.4,664.8,2.8,76.9,25.5
706,Japan,1983,7.5,24663.4,714.9,1.9,77,23.6
707,Japan,1984,7.4,25586.7,746,2.3,77.4,22.3
708,Japan,1985,7.3,26741.5,818.4,2,77.6,19.2
709,Japan,1986,7.5,27483.7,859.9,0.6,78.1,19.3
710,Japan,1987,7.9,28625.1,916.7,0.1,78.5,16
711,Japan,1988,8.3,30406.2,969.3,0.7,78.4,16.2
712,Japan,1989,8.6,31784.8,1021.2,2.3,78.8,14.7
713,Japan,1990,9.2,33214,1089,3.1,78.9,13.5
714,Japan,1991,8.9,34248.5,1166.4,3.3,79.1,14.5
715,Japan,1992,8.9,34427.7,1253.4,1.6,79.2,13.6
716,Japan,1993,9.2,34167.8,1332.2,1.3,79.4,14.5
717,Japan,1994,9.1,34488.9,1420.3,0.7,79.8,16.5
718,Japan,1995,8.9,35306.0,1413.4,-0.1,79.6,16.6
719,Japan,1996,9.0,36332.7,1436.4,0.1,80.3,15.1
720,Japan,1997,8.8,36601.9,1529.6,1.8,80.5,15.6
721,Japan,1998,8.7,36040.3,1571.1,0.6,80.6,14.8
722,Japan,1999,8.8,35852.4,1667.9,-0.3,80.5,13.9
723,Japan,2000,8.6,36772.7,1847.8,-0.7,81.2,13.2
724,Japan,2001,8.6,36827.3,1945.6,-0.7,81.5,14.7
725,Japan,2002,8.4,36765.2,2065.1,-0.9,81.8,14.3
726,Japan,2003,8.4,37261.2,2194.4,-0.3,81.8,14.7
727,Japan,2004,8.2,38045.9,2303.7,0.0,82.1,14.2
728,Japan,2005,8.5,38725.9,2471.2,-0.3,82.0,14.4
729,Japan,2006,7.9,39231.9,2561.2,0.3,82.4,12.9
730,Japan,2007,7.7,39769.9,2689.9,0.0,82.6,12
731,Japan,2008,7.5,39263.0,2799.2,1.4,82.7,13.9
732,Japan,2009,7.4,37030.9,2971.4,-1.4,83.0,13.2
733,Japan,2010,7.3,38545.7,3169.2,-0.7,82.9,12.7
734,Japan,2011,7.3,38618.8,3740.8,-0.3,82.7,13.6
735,Japan,2012,7.2,39235.3,3970.8,0.0,83.2,12.9
736,Japan,2013,7.4,40090.9,4308.3,0.4,83.4,12.5
737,Japan,2014,7.1,40232.0,4328.4,2.7,83.7,13.2
738,Japan,2015,7.2,40908.8,4515.6,0.8,83.9,12.7
739,Japan,2016,7.2,41274.6,4295.9,-0.1,84.1,13.2
740,Korea,1980,14.8,5350.2,91.6,28.6976016953533,66.1,..
741,Korea,1981,14.2,5649.1,107.6,21.3516539235816,66.7,..
742,Korea,1982,13.7,6026.3,120.4,7.19084575797189,67.2,..
743,Korea,1983,10.7,6732.4,136.9,3.42060778214323,67.7,..
744,Korea,1984,10.7,7351.4,148.5,2.27395706219752,68.3,..
745,Korea,1985,10.2,7850,165.5,2.45911060433293,68.9,93.7
746,Korea,1986,10.3,8652.7,183.5,2.74998041324489,69.5,96.5
747,Korea,1987,10.2,9658,206.8,3.04965964703111,70.1,91.4
748,Korea,1988,9.5,10710.5,250.3,7.14610036895904,70.7,41
749,Korea,1989,9.5,11355.2,316.1,5.70016009040395,71.2,34.8
750,Korea,1990,9.1,12354.5,355.8,8.57327612978711,71.7,59.1
751,Korea,1991,8.8,13551.1,378,9.33279048161489,72.2,108.1
752,Korea,1992,8.9,14242.4,418.8,6.21328146355184,72.6,106.3
753,Korea,1993,8.7,15068,442.2,4.80099660215358,73.1,122.1
754,Korea,1994,9.1,16299.7,465,6.26585950039682,73.5,158
755,Korea,1995,8.9,17688.2,515.8,4.48074108557248,73.8,125.3
756,Korea,1996,9.1,18902.8,575.7,4.92454354292746,74.2,127.6
757,Korea,1997,8.9,19881.9,599.7,4.43893184574638,74.7,127.6
758,Korea,1998,8.7,18726.3,581,7.51358008079307,75.1,124.7
759,Korea,1999,9.2,20725.9,662.5,0.812957254446386,75.5,113.6
760,Korea,2000,8.9,22415.8,725.1,2.25916580080151,76,106.9
761,Korea,2001,8.5,23323.9,861.3,4.06657587897792,76.5,96.9
762,Korea,2002,9.2,24980.7,886.3,2.76226210296604,76.8,77.9
763,Korea,2003,9.3,25634.0,973.2,3.51487451459934,77.3,65.5
764,Korea,2004,9.3,26859.2,1033.4,3.59066298882582,77.8,66.5
765,Korea,2005,9.0,27957.2,1134.3,2.75379162735034,78.2,62.2
766,Korea,2006,9.2,29275.2,1276.7,2.24234028518921,78.8,59
767,Korea,2007,9.3,30816.5,1435.2,2.53457382137937,79.2,51
768,Korea,2008,9.5,31504.9,1556.2,4.67389655533408,79.6,49.6
769,Korea,2009,8.9,31591.8,1684.3,2.75649654493924,80.0,41.3
770,Korea,2010,8.9,33574.0,1878.1,2.93928652655687,80.2,40
771,Korea,2011,8.9,34544.4,1966.7,4.02596500436095,80.6,36.2
772,Korea,2012,9.0,35189.1,2071.5,2.18707104433314,80.9,35.8
773,Korea,2013,8.7,36137.8,2129.2,1.30134754547413,81.4,34.6
774,Korea,2014,8.9,37061.4,2233.2,1.27477446401325,81.8,31.7
775,Korea,2015,9.1,37902.4,2491.7,0.706331772455686,82.1,33.1
776,Korea,2016,8.7,38864.6,2664.7,0.971685739912204,82.4,33.9
777,Latvia,1980,13,..,..,..,..,272
778,Latvia,1981,12.8,..,..,..,..,349.4
779,Latvia,1982,12.4,..,..,..,..,291.5
780,Latvia,1983,12.3,..,..,..,..,250.8
781,Latvia,1984,12.4,..,..,..,..,253.2
782,Latvia,1985,10.9,..,..,..,..,331.7
783,Latvia,1986,7.8,..,..,..,..,259.2
784,Latvia,1987,5.8,..,..,..,..,163.1
785,Latvia,1988,6.3,..,..,..,..,159.5
786,Latvia,1989,7.5,..,..,..,..,219.3
787,Latvia,1990,6.7,..,..,..,..,323
788,Latvia,1991,6.7,..,..,..,..,347.7
789,Latvia,1992,6.9,..,..,951.696165191741,..,323.6
790,Latvia,1993,8,..,..,108.98955192483,..,601.3
791,Latvia,1994,9.6,8000.2,..,35.9247080928735,..,888.1
792,Latvia,1995,9.1,9002.3,..,24.9759324627879,..,807.7
793,Latvia,1996,8.4,9339.9,..,17.6104604080665,..,258.6
794,Latvia,1997,8.4,10267.1,..,8.44739272818879,..,197.4
795,Latvia,1998,8.9,11021.1,..,4.64421215640727,..,223.4
796,Latvia,1999,8.8,11417.3,..,2.36481486962442,..,237.3
797,Latvia,2000,7.1,12181.9,464.1,2.65425316602094,..,186.8
798,Latvia,2001,6.7,13118.0,552.5,2.48704371338439,..,245.2
799,Latvia,2002,7.4,14214.0,630.8,1.93887927006897,70.2,91.4
800,Latvia,2003,8.2,15561.3,637.6,2.94264339152122,70.6,69.2
801,Latvia,2004,8.8,17037.2,796.4,6.19238424470981,70.9,67.6
802,Latvia,2005,9.9,19068.0,839.7,6.74845153401439,70.6,83.3
803,Latvia,2006,10.4,21544.1,938.8,6.53619908765876,70.6,90
804,Latvia,2007,12.1,23875.8,1084.8,10.0929775849168,70.8,94.3
805,Latvia,2008,11.8,23347.2,1118.3,15.4023191064986,72.1,114.6
806,Latvia,2009,9.9,20351.9,1006.8,3.53410672858938,72.8,103.3
807,Latvia,2010,9.8,19859.5,1076.2,-1.08463595015157,73.1,112.6
808,Latvia,2011,10.1,20751.2,1077.6,4.37073559939218,73.9,163.1
809,Latvia,2012,10.2,22487.5,1156.2,2.25778924374595,74.1,136.1
810,Latvia,2013,10.4,23176.5,1229.7,-0.029454778257889,74.3,151.7
811,Latvia,2014,10.6,23837.2,1286.5,0.620492316662627,74.5,134.8
812,Latvia,2015,10.8,24975.5,1404.7,0.174241405930765,74.8,191.5
813,Latvia,2016,11.3,25801.6,1613.8,0.140630833333344,74.9,135.2
814,Lithuania,1980,..,..,..,..,70.5,..
815,Lithuania,1981,..,..,..,..,70.5,519.3
816,Lithuania,1982,..,..,..,..,70.9,499.2
817,Lithuania,1983,..,..,..,..,70.8,..
818,Lithuania,1984,..,..,..,..,70.3,..
819,Lithuania,1985,..,..,..,..,70.6,486.2
820,Lithuania,1986,..,..,..,..,72.3,308.7
821,Lithuania,1987,..,..,..,..,72.2,275.6
822,Lithuania,1988,..,..,..,..,72,286.8
823,Lithuania,1989,..,..,..,..,71.7,353
824,Lithuania,1990,..,..,..,..,71.5,406.8
825,Lithuania,1991,..,..,..,..,70.6,551.6
826,Lithuania,1992,..,..,..,1020.62056524354,70.5,573.2
827,Lithuania,1993,..,..,..,410.451858561316,69,469.1
828,Lithuania,1994,..,..,..,72.2546816164428,68.6,629.8
829,Lithuania,1995,7.9,9978.1,..,39.647629032829,69.1,667.2
830,Lithuania,1996,7.9,10573.0,..,24.62519538645,70.3,574
831,Lithuania,1997,8.7,11536.2,..,8.88104848465893,71.1,379.2
832,Lithuania,1998,8.0,12489.1,..,5.06755385841969,71.4,186.3
833,Lithuania,1999,8.6,12434.5,..,0.727550626557471,71.8,61.9
834,Lithuania,2000,9.7,12985.0,574.2,0.981615478857524,72.1,51.6
835,Lithuania,2001,10.5,13946.7,606.2,1.36712030817824,71.6,54.5
836,Lithuania,2002,11.1,15008.3,711.9,0.281506610345537,71.8,35.6
837,Lithuania,2003,11.3,16729.5,816.5,-1.13430854990244,72.0,33.9
838,Lithuania,2004,12.2,18029.8,789.4,1.16410252104675,72.0,44.8
839,Lithuania,2005,12.5,19743.0,885.7,2.6584848406526,71.2,29.7
840,Lithuania,2006,13.2,21547.9,1011,3.73912004060658,71.0,54.4
841,Lithuania,2007,13.9,24227.4,1159.1,5.73717382799845,70.7,61
842,Lithuania,2008,13.9,25117.8,1347.2,10.9258856241655,71.7,60.7
843,Lithuania,2009,13.1,21629.5,1323.2,4.45304456518529,72.9,40.6
844,Lithuania,2010,13.5,22452.6,1371.7,1.31921362055465,73.3,27.9
845,Lithuania,2011,14.7,24352.3,1484.7,4.13027562645085,73.7,36.5
846,Lithuania,2012,14.7,25629.8,1568.0,3.08998277055415,74.1,36.3
847,Lithuania,2013,14.5,26809.7,1662.6,1.04747937065349,74.1,16.2
848,Lithuania,2014,14.2,27997.6,1781.7,0.103758009433726,74.7,26.2
849,Lithuania,2015,14.0,28834.5,1917.1,-0.88409740550061,74.6,23.7
850,Lithuania,2016,13.2,29938.8,2097.8,0.905525075460397,74.9,23.9
851,Luxembourg,1980,17.7,43645,597.9,6.2999020033094,72.8,107.8
852,Luxembourg,1981,17.2,43285.7,654.6,8.07295011977,72.6,112.2
853,Luxembourg,1982,17,43751.5,682.4,9.35705021308132,72.7,114.8
854,Luxembourg,1983,16.7,45046.9,709.5,8.66927104978804,73.5,122.5
855,Luxembourg,1984,16,47794.7,752,6.43585579606169,73.3,95.6
856,Luxembourg,1985,15.9,49048.6,798.9,4.09358674187824,73.8,70.5
857,Luxembourg,1986,15.4,53696.6,883.7,0.294564956375568,74.7,93.8
858,Luxembourg,1987,15.4,55456.8,1017.7,-0.056664910852501,74.3,118
859,Luxembourg,1988,15.2,59635.4,1184.1,1.43659115047075,75,62.8
860,Luxembourg,1989,15.3,64836.9,1321.8,3.37096342481064,74.9,62.5
861,Luxembourg,1990,15.3,67517.4,1475.7,3.25376469992762,75.7,62.1
862,Luxembourg,1991,14.4,72368.3,1550,3.11835931966098,75.7,103.4
863,Luxembourg,1992,14.3,72689.9,1664.8,3.15416878803308,75.3,106.6
864,Luxembourg,1993,13.9,74677.6,1812.7,3.58810441540534,76,80.7
865,Luxembourg,1994,13.7,76417.4,1857.6,2.19476040658278,76.7,74.7
866,Luxembourg,1995,13.7,76432.9,2097.7,1.86769787673627,76.8,96.5
867,Luxembourg,1996,13.4,76575.9,2217.6,1.18386104012053,76.8,127.7
868,Luxembourg,1997,13.2,79690.2,2270.3,1.36751139623727,77.1,208.9
869,Luxembourg,1998,13.0,83940.5,2428.2,0.95856626046439,77.3,119.7
870,Luxembourg,1999,13.0,89509.6,2827.7,1.02519420771158,78,99
871,Luxembourg,2000,13.4,94485.1,3411.4,3.15076774425885,78,138.7
872,Luxembourg,2001,13.3,96312.8,3714.4,2.66382233829702,78,88.9
873,Luxembourg,2002,13.1,98353.5,4248.8,2.0740887324166,78.1,76.2
874,Luxembourg,2003,12.7,99677.4,4411.6,2.04984042933296,77.9,112.3
875,Luxembourg,2004,12.5,102479.4,4776,2.22568081831823,79.2,92.8
876,Luxembourg,2005,12.3,103402.8,4881.4,2.48769271187972,79.6,116.7
877,Luxembourg,2006,12.4,107949.5,5154.1,2.66631494577073,79.4,102.5
878,Luxembourg,2007,12.2,114804.6,5086.5,2.31245861786127,79.5,79.3
879,Luxembourg,2008,12.0,112465.4,5431.1,3.40187963025567,80.7,1.2
880,Luxembourg,2009,11.9,106858.4,5710.1,0.368041997888905,80.8,17.8
881,Luxembourg,2010,11.9,108840.7,5625.1,2.27367911621544,80.8,41.2
882,Luxembourg,2011,11.8,107460.5,4830.5,3.4106834106834,81.1,46.2
883,Luxembourg,2012,11.8,106751.9,4424.5,2.66284165508018,81.5,66.7
884,Luxembourg,2013,11.4,107345.6,4636.7,1.73403963519167,81.9,116.9
885,Luxembourg,2014,11.6,107596.4,4707.0,0.628543985440706,82.3,102.3
886,Luxembourg,2015,11.5,107898.3,4692.3,0.474743161437791,82.4,106.1
887,Luxembourg,2016,11.4,110414.3,4864.3,0.290833333333307,82.7,95
888,Mexico,1980,4.5,13921.3,..,26.3516471873679,66.2,253.8
889,Mexico,1981,4.8,14795.5,..,27.9337610830784,66.9,243.6
890,Mexico,1982,4.5,14357,..,58.9134272074055,67.7,266.7
891,Mexico,1983,4.3,13432.9,..,101.874928910102,68.3,263.3
892,Mexico,1984,4.4,13613.9,..,65.4488117875354,68.8,238.8
893,Mexico,1985,4.5,13695.5,..,57.7484459417563,69,246
894,Mexico,1986,4.4,12911.8,..,86.2333089005843,69.8,226.2
895,Mexico,1987,4.7,12887.8,..,131.827397470707,70.1,236.3
896,Mexico,1988,4.5,12788.8,..,114.162248368707,70.2,253.6
897,Mexico,1989,5.1,13065.7,..,20.0078784770922,70.5,239.6
898,Mexico,1990,4.9,13463.8,..,26.6516736234877,70.9,215
899,Mexico,1991,4.8,13784.4,..,22.6623652786404,71.6,213
900,Mexico,1992,5.3,14046.5,..,15.5078988749597,71.9,213.1
901,Mexico,1993,5.2,14312.6,..,9.75146037187231,72,211.7
902,Mexico,1994,5.2,14785.1,..,6.96581325607854,72.3,204.4
903,Mexico,1995,5.1,13644.5,..,34.9992633008785,72.2,182.9
904,Mexico,1996,5.3,14358.0,..,34.3783842740772,72.7,171.4
905,Mexico,1997,4.8,15131.5,..,20.6256276072657,73.1,174.9
906,Mexico,1998,4.9,15706.0,..,15.9283923627682,73.5,183.5
907,Mexico,1999,4.9,15940.9,476.4,16.5856192056458,74,165.2
908,Mexico,2000,5.2,16531.4,517.2,9.4915599272956,74.7,159.2
909,Mexico,2001,5.0,16266.9,567.8,6.36773668462784,75,148.2
910,Mexico,2002,4.9,16056.7,600.5,5.03073253441126,75.1,136.9
911,Mexico,2003,5.0,16086.4,688.9,4.54689794239725,75.1,130.3
912,Mexico,2004,5.0,16522.7,768,4.68840714566334,75.4,114.7
913,Mexico,2005,5.0,16714.1,771.6,3.98806073557603,75.2,111.5
914,Mexico,2006,5.2,17262.3,822.1,3.62946322575927,75.5,81.1
915,Mexico,2007,4.1,17436.1,870.6,3.96684962911696,75.4,81.5
916,Mexico,2008,4.0,17396.4,899.9,5.12498169213468,75.2,76.5
917,Mexico,2009,4.3,16251.3,912,5.29735712654757,74.9,72.8
918,Mexico,2010,4.0,16867.5,893.8,4.15672783717606,74.8,71.8
919,Mexico,2011,4.0,17274.8,912.0,3.40737961671277,74.9,66.4
920,Mexico,2012,3.9,17694.4,973.5,4.11150854557409,75.0,59.3
921,Mexico,2013,3.8,17730.7,1002.6,3.80638982343263,75.0,62.6
922,Mexico,2014,4.0,18035.2,989.6,4.01861720190995,75.0,82.8
923,Mexico,2015,4.3,18430.2,1062.6,2.72064126257004,74.7,76.5
924,Mexico,2016,4.4,19007.3,1102.8,2.82170775169716,74.8,59.7
925,Netherlands,1980,11.5,29343.2,750.6,6.51345169172654,75.9,15.3
926,Netherlands,1981,11.3,28911,808.2,6.73893036122169,76,19
927,Netherlands,1982,11,28422.6,865.9,5.9110940813307,76.1,22.3
928,Netherlands,1983,11.2,28897.8,907,2.74084124777853,76.3,26.8
929,Netherlands,1984,10.8,29669,941.2,3.30163761075379,76.4,21.6
930,Netherlands,1985,10.6,30298,977.4,2.25858689267003,76.5,30.7
931,Netherlands,1986,10.6,30973.5,1035.5,0.083347224165694,76.4,24.7
932,Netherlands,1987,10.2,31362.8,1087.2,-0.691205861837006,76.9,22.3
933,Netherlands,1988,10.2,32231.1,1146.4,0.737945492845637,77.1,25.8
934,Netherlands,1989,10,33460.8,1269.5,1.08216099001384,76.9,30.5
935,Netherlands,1990,9.9,34625,1400,2.45408877732751,77.1,30.9
936,Netherlands,1991,10,35184.7,1500.8,3.15820271542294,77.2,30
937,Netherlands,1992,10,35516.2,1588,3.18358112475761,77.4,36.1
938,Netherlands,1993,9.7,35708.9,1649.4,2.58418167580266,77.1,46.1
939,Netherlands,1994,9.7,36548.7,1690,2.80152671755725,77.6,48.1
940,Netherlands,1995,9.8,37495.8,1748.7,1.92321972228412,77.6,46.9
941,Netherlands,1996,9.9,38630.2,1822.1,1.94936789638234,77.6,49
942,Netherlands,1997,10.1,40093.5,1883.4,2.10924562739481,78,44
943,Netherlands,1998,9.9,41706.9,2216.6,1.95913632274255,78.1,51
944,Netherlands,1999,10.1,43515.5,2372,2.15717918055057,78,54.7
945,Netherlands,2000,10.1,45016.7,2647.5,2.36052233801955,78.2,63.1
946,Netherlands,2001,10.0,45719.8,2883.1,4.1558412719561,78.4,59.9
947,Netherlands,2002,9.8,45526.9,3297,3.28753104712767,78.5,53.6
948,Netherlands,2003,9.7,45384.1,3308.9,2.09199838997655,78.7,47.6
949,Netherlands,2004,9.6,46123.0,3494.8,1.26364739183181,79.3,47.1
950,Netherlands,2005,9.6,46959.3,3583.4,1.68813017869621,79.6,47.4
951,Netherlands,2006,9.6,48507.3,3829.8,1.10150106517709,80.0,47.2
952,Netherlands,2007,9.6,50226.8,4076.9,1.613858598021,80.4,41.7
953,Netherlands,2008,9.7,51117.1,4378.4,2.48650198289455,80.5,49.2
954,Netherlands,2009,9.4,48992.5,4433.6,1.1897768702155,80.9,46.7
955,Netherlands,2010,9.1,49396.3,4474.5,1.27530569556684,81.0,45.4
956,Netherlands,2011,9.0,49928.2,4567.4,2.34107017751371,81.3,42.7
957,Netherlands,2012,9.1,49230.9,4782.3,2.45554765291605,81.2,45.6
958,Netherlands,2013,8.7,49023.4,4923.9,2.50689852657888,81.4,70.9
959,Netherlands,2014,8.4,49541.4,4934.6,0.976035079699632,81.8,65.9
960,Netherlands,2015,8.3,50288.4,4927.1,0.600248147278764,81.6,83.9
961,Netherlands,2016,8.2,51118.9,5095.8,0.316666666666676,81.7,86.4
962,New Zealand,1980,11.8,22609.6,500.3,17.1505596655251,73.2,47.9
963,New Zealand,1981,11.7,23564.5,563.1,15.3701541669983,73.4,67.8
964,New Zealand,1982,11.7,23589.4,595.6,16.1636944154096,73.6,49.2
965,New Zealand,1983,10.6,24087.8,634.1,7.34107464934909,73.7,36.9
966,New Zealand,1984,11,24994.4,644.2,6.17125046558885,73.8,32.5
967,New Zealand,1985,10.8,25289.3,605.9,15.4176610380375,74,45.6
968,New Zealand,1986,11.3,24302.6,666.4,13.2133995688405,74.1,44.2
969,New Zealand,1987,10.3,24534.4,767.6,15.7442922363778,74.5,51.4
970,New Zealand,1988,10.1,24988.1,884.7,6.3752563870145,74.8,58
971,New Zealand,1989,10.2,24967.5,951.4,5.71599166477693,75.2,61.7
972,New Zealand,1990,10.3,24866.6,1022.8,6.09843939113659,75.5,41.8
973,New Zealand,1991,9.9,23542.7,1069,2.60239876042911,75.8,43.4
974,New Zealand,1992,9.8,23606.1,1121.8,1.01455670167455,76.1,47.5
975,New Zealand,1993,9.3,24830.2,1171.9,1.28820957608383,76.3,50.8
976,New Zealand,1994,9.5,25835.8,1246.9,1.74537612861734,76.6,58.7
977,New Zealand,1995,9.3,26539.5,1306.4,3.75494077917946,76.8,67.3
978,New Zealand,1996,8.8,27020.7,1341.5,2.28571424238512,77.1,80.7
979,New Zealand,1997,8.7,27531.2,1419.4,1.18715083833045,77.4,77.7
980,New Zealand,1998,8.7,27608.3,1499.2,1.26524037415924,77.7,76.7
981,New Zealand,1999,8.9,28904.7,1565.4,-0.114266288773353,78.1,67.4
982,New Zealand,2000,8.9,29407.7,1659.5,2.61523279599184,78.4,30.8
983,New Zealand,2001,8.7,30299.9,1799.5,2.62582060036647,78.7,42.3
984,New Zealand,2002,9.1,31258.4,1921,2.67709072115155,79.0,49
985,New Zealand,2003,8.9,32074.5,1917.1,1.75357634573619,79.3,35.9
986,New Zealand,2004,9.1,32649.6,2077.8,2.29024942334694,79.6,38.5
987,New Zealand,2005,9.3,33313.7,2194.4,3.03702066022211,79.8,26.7
988,New Zealand,2006,9.3,33712.6,2439.1,3.3654044680981,80.1,27.3
989,New Zealand,2007,9.2,34677.2,2540.6,2.37614333662779,80.3,18.3
990,New Zealand,2008,9.5,33840.6,2829.8,3.95894425130044,80.5,11.4
991,New Zealand,2009,9.3,34142.1,2947.6,2.11565589221534,80.7,15.9
992,New Zealand,2010,9.6,34106.1,3042.7,2.30202576769377,80.8,16.1
993,New Zealand,2011,9.5,34760.9,3132.3,4.02790277235691,81.0,18.7
994,New Zealand,2012,9.2,35458.4,3240.0,1.05991781376003,81.2,22.3
995,New Zealand,2013,9.2,35824.4,3388.2,1.13441780001312,81.4,17.3
996,New Zealand,2014,9.1,36482.5,3490.8,1.22751326034659,81.5,25.8
997,New Zealand,2015,8.7,37247.0,3500.7,0.292703309026911,81.7,27.6
998,New Zealand,2016,8.9,37837.5,3732.6,0.646237225422794,81.7,19.1
999,Norway,1980,6,32649.6,608.2,10.8786610878661,75.8,94.9
1000,Norway,1981,5.3,33058.2,677.4,13.6429608127721,76,88.3
1001,Norway,1982,4.8,33015.2,736.7,11.3409961685824,76.1,82.2
1002,Norway,1983,4.9,34218.8,811.4,8.46524432209221,76.2,117.2
1003,Norway,1984,5,36184.6,839.5,6.21827411167515,76.3,118.4
1004,Norway,1985,5.2,38074.5,908.5,5.71485463958582,76,114.5
1005,Norway,1986,5.3,39480.5,966.1,7.1764927481635,76.4,145.1
1006,Norway,1987,5.4,39980.9,1037.6,8.71704745166958,76.2,155.5
1007,Norway,1988,5.3,39670.4,1082.6,6.67636598771419,76.3,161.3
1008,Norway,1989,5.1,39911.6,1114.7,4.5461433550538,76.6,133.5
1009,Norway,1990,5,40548.5,1361.1,4.1310334831135,76.6,160.7
1010,Norway,1991,4.9,41593.3,1481.4,3.43819599109131,77.1,194.8
1011,Norway,1992,4.7,42838.8,1556.7,2.32808504911857,77.3,193.2
1012,Norway,1993,4.6,43792,1605.4,2.28826933193056,77.2,190.4
1013,Norway,1994,4.7,45740.6,1670.1,1.37567498071484,77.9,225.7
1014,Norway,1995,4.8,47400.9,1769.7,2.46036778693722,77.9,222.8
1015,Norway,1996,5.0,49534.2,1929,1.262532491645,78.3,253.8
1016,Norway,1997,5.3,51867.8,2198.6,2.56692335900258,78.3,246.2
1017,Norway,1998,5.2,52939.5,2367.5,2.25241329996424,78.5,301.4
1018,Norway,1999,5.5,53661.0,2518.9,2.36596736596738,78.4,277.8
1019,Norway,2000,5.7,55084.0,2793.8,3.08550609131276,78.8,389.3
1020,Norway,2001,5.5,55936.1,2938.4,3.00419703998231,79,412.4
1021,Norway,2002,5.9,56406.8,3389.2,1.28672528415186,79.0,316.9
1022,Norway,2003,6.0,56603.0,3447.9,2.48782553461781,79.6,94.8
1023,Norway,2004,6.2,58529.2,3655.6,0.45449850222085,80.1,93.6
1024,Norway,2005,6.4,59697.8,3740.9,1.53213367609255,80.3,96
1025,Norway,2006,6.5,60668.6,3966.4,2.32934980757545,80.6,98.1
1026,Norway,2007,6.6,61800.0,4311.8,0.712589073634218,80.6,75.4
1027,Norway,2008,6.8,61329.4,4604.5,3.75393081761004,80.8,81
1028,Norway,2009,6.7,59379.7,4675.7,2.19738586853569,81.0,83.5
1029,Norway,2010,6.6,59112.6,4777.1,2.41890639481003,81.2,87.8
1030,Norway,2011,6.4,58993.9,4965.2,1.28495158809157,81.4,86.1
1031,Norway,2012,6.2,59800.5,5209.6,0.696864111498264,81.5,74.9
1032,Norway,2013,6.2,59682.8,5485.9,2.12048620353118,81.8,60.7
1033,Norway,2014,6.1,60229.4,5707.4,2.04170286707213,82.2,52.8
1034,Norway,2015,6.0,60721.6,5726.9,2.17113665389526,82.4,62.8
1035,Norway,2016,6.0,60889.2,5904.2,3.55000000000001,82.5,53.5
1036,Poland,1980,11.5,..,..,..,70.2,93.3
1037,Poland,1981,8.7,..,..,..,71.2,65.8
1038,Poland,1982,8.5,..,..,..,71.2,52.9
1039,Poland,1983,8.6,..,..,..,71.1,50.6
1040,Poland,1984,8.7,..,..,..,70.9,58.2
1041,Poland,1985,9.4,..,..,..,71.1,66.2
1042,Poland,1986,9.7,..,..,..,71,70.2
1043,Poland,1987,9.7,..,..,..,71.5,75
1044,Poland,1988,9.5,..,..,..,71.5,72.7
1045,Poland,1989,9.2,..,..,..,71.2,72.4
1046,Poland,1990,8.3,10953.8,302.6,812.15,70.7,79
1047,Poland,1991,8.8,10164.4,302.4,71.5666666666667,70.4,131.6
1048,Poland,1992,8.3,10402.6,324.8,42.85,71,137.5
1049,Poland,1993,8.4,10777.9,349.4,35.475,71.5,95.4
1050,Poland,1994,8.3,11339.2,370.2,32.1916666666667,71.8,106
1051,Poland,1995,8.1,12120.3,397.7,28.125,72,139
1052,Poland,1996,8.1,12856.9,454.7,19.9083333333333,72.3,116.6
1053,Poland,1997,8.6,13684.9,476.5,14.95,72.7,..
1054,Poland,1998,8.4,14323.0,497.3,11.8666666666667,73.1,..
1055,Poland,1999,8.3,14995.2,572.5,7.25833333333333,73.1,104.9
1056,Poland,2000,8.4,15684.8,604.1,10.0916666666667,73.8,88.9
1057,Poland,2001,7.8,15884.3,668.4,5.475,74.2,89.3
1058,Poland,2002,8.1,16215.8,774.1,1.94166666666667,74.5,81.9
1059,Poland,2003,9.1,16799.3,781.6,0.841666666666667,74.7,88.8
1060,Poland,2004,9.2,17643.3,837.5,3.49166666666667,74.9,98.5
1061,Poland,2005,9.1,18271.1,834.6,2.13333333333333,75.0,95.7
1062,Poland,2006,9.9,19406.1,903.4,1.03333333333333,75.3,105.5
1063,Poland,2007,10.3,20785.2,1050.9,2.49166666666667,75.4,113.8
1064,Poland,2008,10.8,21658.2,1222.7,4.21666666666667,75.6,108.2
1065,Poland,2009,10.2,22059.2,1312.4,3.45,75.9,88.2
1066,Poland,2010,10.0,22686.5,1423.4,2.58333333333333,76.4,79.5
1067,Poland,2011,10.3,23824.8,1496.6,4.26666666666667,76.8,90.3
1068,Poland,2012,10.2,24187.9,1578.6,3.7,76.9,82.0
1069,Poland,2013,10.8,24415.4,1670.8,0.9,77.1,68.1
1070,Poland,2014,10.5,25364.1,1687.1,-0.025,77.8,66.4
1071,Poland,2015,10.5,26495.8,1818.9,-0.933333333333333,77.5,95.2
1072,Poland,2016,10.5,27298.2,1959.1,-0.583333333333333,78.0,127.1
1073,Portugal,1980,14.9,16505.7,255.5,15.8674803836094,71.5,62.7
1074,Portugal,1981,15.4,16629.8,289.2,19.0404107466915,71.8,72.1
1075,Portugal,1982,17,16880.4,315.5,21.6792837277095,72.5,54.4
1076,Portugal,1983,15.9,16778.4,309.2,24.0027623802918,72.4,57
1077,Portugal,1984,16.4,16406.9,314.3,28.3846388897103,72.7,49.1
1078,Portugal,1985,13.9,16830.4,371.7,19.4614100078696,73,43.4
1079,Portugal,1986,13.5,17527.4,463.5,12.3313334897218,73.4,44.6
1080,Portugal,1987,12.4,18677.6,495,9.63483186245761,73.8,26.2
1081,Portugal,1988,12.9,20128.8,575.5,10.1016321152266,73.8,25.4
1082,Portugal,1989,14.6,21492,578.4,12.6863036456148,74.4,34.7
1083,Portugal,1990,14.4,22426.8,630.4,13.6305705693075,74.1,33.1
1084,Portugal,1991,14,23472.9,734.2,11.8494841773675,74.1,39.1
1085,Portugal,1992,13.6,23738.1,790.8,9.55926033177512,74.7,38.5
1086,Portugal,1993,13.4,23227.2,824,6.78377994665409,74.6,34.4
1087,Portugal,1994,13.3,23395,862.7,5.42044019241624,75.5,19.6
1088,Portugal,1995,12.8,24327.9,1009.7,4.22281614099486,75.4,21.2
1089,Portugal,1996,12.1,25086.1,1085.9,3.06897732509792,75.3,23.1
1090,Portugal,1997,11.8,26073.2,1144.4,2.33686298314109,75.8,18.3
1091,Portugal,1998,11.7,27189.1,1194.2,2.57275225909131,76,19.8
1092,Portugal,1999,13.2,28092.0,1319.8,2.34009490312171,76.2,19.5
1093,Portugal,2000,12.8,28959.7,1642.9,2.85303039287154,76.8,15.8
1094,Portugal,2001,12.6,29315.2,1709.8,4.36990330551796,77.2,27
1095,Portugal,2002,12.5,29379.9,1839.1,3.6003465829091,77.4,48.7
1096,Portugal,2003,12.2,28997.4,1922,3.218990906829,77.5,37.5
1097,Portugal,2004,12.3,29445.4,2085.3,2.36536204097301,78.4,..
1098,Portugal,2005,12.0,29620.8,2183.7,2.27716394887833,78.2,..
1099,Portugal,2006,11.8,30047.8,2240.8,3.10766545871054,79.0,..
1100,Portugal,2007,11.5,30740.5,2300.5,2.45396528138739,79.3,25.9
1101,Portugal,2008,11.5,30794.3,2448,2.58850657657964,79.5,33.4
1102,Portugal,2009,11.5,29804.6,2513.4,-0.835530021504193,79.7,35.3
1103,Portugal,2010,11.3,30308.5,2580.2,1.40257289895372,80.1,33.3
1104,Portugal,2011,10.9,29838.1,2457.5,3.65301100430727,80.7,27.4
1105,Portugal,2012,9.8,28744.0,2420.9,2.77333854051582,80.6,27.1
1106,Portugal,2013,9.5,28635.4,2504.2,0.27441666666667,80.9,33.8
1107,Portugal,2014,10.2,29018.2,2537.6,-0.278153367467448,81.3,25.9
1108,Portugal,2015,10.3,29660.8,2635.6,0.487938623904743,81.3,26.9
1109,Portugal,2016,10.4,30355.4,2815.2,0.60739707464168,81.3,33
1110,Slovak Republic,1980,14.5,..,..,..,70.4,..
1111,Slovak Republic,1981,14.5,..,..,..,70.7,..
1112,Slovak Republic,1982,14.7,..,..,..,70.9,..
1113,Slovak Republic,1983,14.2,..,..,..,70.6,..
1114,Slovak Republic,1984,13.9,..,..,..,70.8,..
1115,Slovak Republic,1985,13.9,..,..,..,70.9,..
1116,Slovak Republic,1986,13.2,..,..,..,71.1,..
1117,Slovak Republic,1987,13.3,..,..,..,71.3,..
1118,Slovak Republic,1988,12.9,..,..,..,71.4,..
1119,Slovak Republic,1989,13,..,..,..,71.2,..
1120,Slovak Republic,1990,13.4,..,..,..,71.1,..
1121,Slovak Republic,1991,13.7,..,..,..,71.1,..
1122,Slovak Republic,1992,12.7,12197.8,..,9.89349775784755,71.5,83.8
1123,Slovak Republic,1993,12.1,12387.7,..,23.2870313695486,72,83.7
1124,Slovak Republic,1994,10.6,13102.5,..,13.4155184916606,72.5,11.5
1125,Slovak Republic,1995,10.3,13825.6,..,9.84109755580452,72.4,14.8
1126,Slovak Republic,1996,10.7,14712.6,..,5.77583247511156,72.9,7.5
1127,Slovak Republic,1997,10.8,15556.0,648.8,6.14198782961461,72.9,9.3
1128,Slovak Republic,1998,10.0,16168.0,663.1,6.66564745451768,72.8,19.6
1129,Slovak Republic,1999,10.0,16136.6,658.1,10.5704457503225,73.2,6.9
1130,Slovak Republic,2000,11.0,16309.4,690.5,12.0357767839782,73.3,9
1131,Slovak Republic,2001,10.8,16906.4,758.9,7.32963091519146,73.6,3.7
1132,Slovak Republic,2002,10.8,17671.6,868.6,3.12713316312905,73.8,9.1
1133,Slovak Republic,2003,9.9,18641.1,876.6,8.55414305406645,73.8,2.3
1134,Slovak Republic,2004,10.1,19614.0,1100.6,7.54850088183422,74.2,4.6
1135,Slovak Republic,2005,11.0,20894.8,1191.4,2.7090849458839,74.1,4
1136,Slovak Republic,2006,10.6,22653.4,1342.7,4.48333120449609,74.5,0.4
1137,Slovak Republic,2007,10.7,25080.9,1584.4,2.75672371638144,74.6,1.7
1138,Slovak Republic,2008,11.2,26433.6,1687.1,4.59817976325022,74.9,0.3
1139,Slovak Republic,2009,10.7,24936.6,1809.1,1.61510464058235,75.3,1.2
1140,Slovak Republic,2010,10.1,26551.7,2011.3,0.957018132975143,75.6,..
1141,Slovak Republic,2011,10.2,27421.9,1974.8,3.91928599146295,76.1,..
1142,Slovak Republic,2012,10.1,27741.7,2097.4,3.60610263522887,76.3,40.8
1143,Slovak Republic,2013,9.9,27882.4,2153.7,1.40047368963032,76.6,37.1
1144,Slovak Republic,2014,10.1,28605.1,2010.1,-0.076165329541994,77.0,58.5
1145,Slovak Republic,2015,10.2,30062.2,2059.1,-0.32521977742772,76.7,..
1146,Slovak Republic,2016,9.9,30598.8,2039.6,-0.520010196278353,77.3,54.6
1147,Slovenia,1980,..,..,..,..,..,..
1148,Slovenia,1981,16.9,..,..,42.6229508196721,..,..
1149,Slovenia,1982,19.5,..,..,30.1125478927203,71.2,..
1150,Slovenia,1983,17.3,..,..,40.2134903837306,71,..
1151,Slovenia,1984,17.2,..,..,53.6719826737547,71.4,..
1152,Slovenia,1985,15.1,..,..,79.4063634422379,71.9,93.4
1153,Slovenia,1986,18.1,..,..,95.886497809941,72.5,79.1
1154,Slovenia,1987,16.6,..,..,132.072720202217,72.4,124.1
1155,Slovenia,1988,15,..,..,198.753717900381,73.1,113.9
1156,Slovenia,1989,13,..,..,1281.44355013987,73.5,84.3
1157,Slovenia,1990,13.8,20598.7,..,552.08351440157,73.9,79.8
1158,Slovenia,1991,13.2,18730.9,..,114.832925102737,73.6,107.9
1159,Slovenia,1992,13.6,17760.2,..,209.933757320057,73.7,94.5
1160,Slovenia,1993,14.3,18312.9,..,31.7621274108708,73.6,125.9
1161,Slovenia,1994,13.4,19305.8,..,20.9918161857659,74,137.2
1162,Slovenia,1995,13.4,20112.3,..,13.4637240165708,74.7,99.9
1163,Slovenia,1996,12.0,20744.3,..,9.86445661480797,75.2,87.4
1164,Slovenia,1997,11.2,21830.6,..,8.35967943533566,75.2,117.6
1165,Slovenia,1998,8.3,22591.7,..,7.89116569412403,75.3,112.7
1166,Slovenia,1999,10.6,23780.1,..,6.15558769888687,75.7,98.7
1167,Slovenia,2000,11.2,24583.0,1464.1,8.91174506186038,76.2,135
1168,Slovenia,2001,13.0,25341.1,1554,8.37966587492203,76.4,134.5
1169,Slovenia,2002,11.6,26189.0,1736.6,7.48077770703756,76.6,137.3
1170,Slovenia,2003,11.2,26947.4,1786.4,5.544164217529,76.4,100.6
1171,Slovenia,2004,13.5,28108.1,1857.8,3.59297594249513,77.2,118.2
1172,Slovenia,2005,10.3,29124.0,1900,2.45150132316476,77.5,70.2
1173,Slovenia,2006,12.2,30689.7,1986.6,2.45792444195863,78.3,60.2
1174,Slovenia,2007,11.0,32652.7,2066,3.65749563284102,78.4,44.2
1175,Slovenia,2008,11.0,33746.9,2297.5,5.64742380573934,79.1,73.7
1176,Slovenia,2009,10.5,30898.6,2265.7,0.839262246793847,79.4,65.0
1177,Slovenia,2010,10.3,31204.4,2319.5,1.80117022137136,79.8,85.6
1178,Slovenia,2011,10.6,31411.6,2376.6,1.80285171941909,80.1,75.2
1179,Slovenia,2012,11.0,30524.0,2431.0,2.59741386039009,80.3,95.8
1180,Slovenia,2013,9.5,30169.1,2495.3,1.76920085881892,80.5,124.3
1181,Slovenia,2014,10.9,30970.4,2499.1,0.199343826570893,81.2,101.7
1182,Slovenia,2015,11.5,31631.8,2579.3,-0.525552285820862,80.9,156.8
1183,Slovenia,2016,10.5,32620.4,2738.2,-0.05499954167048,81.2,156.7
1184,Spain,1980,17.7,19709,330.3,15.5619089565154,75.5,32.8
1185,Spain,1981,16.8,19562.4,360.8,14.5493510172693,75.7,31.8
1186,Spain,1982,16.2,19700.3,389,14.4149868423754,76.3,29.9
1187,Spain,1983,16.2,19954.8,420.6,12.1740843696037,76.1,35.2
1188,Spain,1984,14.5,20228.2,429.4,11.2802694181858,76.4,35.2
1189,Spain,1985,14.5,20621.8,444.9,8.81445450864678,76.4,31.4
1190,Spain,1986,14.4,21228.1,471.9,8.79493893712005,76.7,32
1191,Spain,1987,14.4,22350.5,521.9,5.24802330203103,76.9,33.4
1192,Spain,1988,13.5,23437.6,637.6,4.83726674489241,76.9,37.2
1193,Spain,1989,13.3,24521.4,713.2,6.79143610088812,77,37.7
1194,Spain,1990,12.9,25410,821.7,6.7218214892762,76.9,40.3
1195,Spain,1991,12.8,26010.8,898.7,5.93421429511908,77.1,43.1
1196,Spain,1992,12.1,26191.3,980.4,5.92453059557623,77.6,37.4
1197,Spain,1993,11.6,25864.6,1028.9,4.56907227613904,77.7,36.5
1198,Spain,1994,11.3,26433.6,1052.9,4.71841322718403,78,38.3
1199,Spain,1995,11.0,27123.2,1126.5,4.67380362714013,78.1,36.7
1200,Spain,1996,10.8,27729.4,1179.8,3.55884296926749,78.3,37.5
1201,Spain,1997,11.6,28637.1,1231.8,1.9710778830596,78.8,34.6
1202,Spain,1998,11.5,29773.2,1302.1,1.83433048042782,78.8,34.2
1203,Spain,1999,11.3,30990.2,1370.2,2.31034551515301,78.8,36.1
1204,Spain,2000,11.8,32467.4,1524.1,3.43351675684201,79.3,28.2
1205,Spain,2001,12.4,33569.1,1635.6,3.58983356407939,79.8,33
1206,Spain,2002,10.7,33938.5,1803.5,3.0656565681635,79.8,37.5
1207,Spain,2003,11.4,34310.5,2015,3.03888839396656,79.7,42.6
1208,Spain,2004,11.7,34834.7,2123.1,3.03924881090926,80.4,39
1209,Spain,2005,11.9,35442.5,2212.5,3.36881409750383,80.3,34.7
1210,Spain,2006,11.9,36316.1,2394.2,3.51557576832125,81.1,29.7
1211,Spain,2007,11.1,36897.0,2484.7,2.78679745804946,81.1,24.8
1212,Spain,2008,10.2,36619.4,2671.9,4.07534335957343,81.5,28.3
1213,Spain,2009,10.0,34949.3,2743.5,-0.287813083535262,81.9,27.4
1214,Spain,2010,9.8,34859.6,2737.5,1.79986457728769,82.4,27.4
1215,Spain,2011,9.6,34447.2,2733.9,3.19610188833788,82.6,24.5
1216,Spain,2012,9.4,33406.4,2728.1,2.44612782366812,82.5,27.2
1217,Spain,2013,9.2,33060.0,2764.1,1.40858109183012,83.2,22.1
1218,Spain,2014,9.5,33621.1,2857.7,-0.151114837527186,83.3,22.8
1219,Spain,2015,10.4,34945.5,3019.6,-0.500365709903296,83.0,23.7
1220,Spain,2016,10.8,35976.3,3148.7,-0.202598000426412,83.5,21.1
1221,Sweden,1980,6.7,27299.3,898.3,13.7063228270798,75.8,148
1222,Sweden,1981,6.3,27390.5,965.9,12.1039385302598,76.1,126.4
1223,Sweden,1982,6.4,27715.8,1023.7,8.58918509047117,76.4,166
1224,Sweden,1983,6.1,28229.1,1062.6,8.87302152363217,76.7,119.7
1225,Sweden,1984,6,29394.8,1122.7,8.04424238994426,76.9,145
1226,Sweden,1985,6.1,29983.1,1120.8,7.37257458126243,76.8,144.2
1227,Sweden,1986,6.3,30716.4,1155.2,4.23591011089788,77,156.5
1228,Sweden,1987,6.2,31640.8,1236,4.1885715177137,77.2,144.9
1229,Sweden,1988,6.4,32304.3,1303,5.82489868439442,77.1,136
1230,Sweden,1989,6.5,32939.4,1413.2,6.44327587426602,77.8,138.4
1231,Sweden,1990,6.4,32932,1489.8,10.3665533879493,77.7,154
1232,Sweden,1991,6.3,32335.5,1480.5,9.4446273294419,77.8,143.5
1233,Sweden,1992,6.3,31772.8,1537.3,2.37436725111878,78.2,125.2
1234,Sweden,1993,6.2,30935.6,1522.5,4.72817304626056,78.2,140.6
1235,Sweden,1994,6.3,31923.9,1519.1,2.15813800724625,78.9,141.9
1236,Sweden,1995,6.2,33006.6,1594.7,2.45514857818399,79,120.7
1237,Sweden,1996,6.0,33474.4,1691.1,0.533131978766227,79.2,133
1238,Sweden,1997,5.9,34482.4,1709.9,0.658410256243523,79.4,157.9
1239,Sweden,1998,5.8,35949.3,1808.6,-0.267132668354978,79.5,154.8
1240,Sweden,1999,6.1,37446.9,1959.4,0.462175756339133,79.6,156.3
1241,Sweden,2000,6.2,39169.0,2196.1,0.899143734041741,79.8,157.8
1242,Sweden,2001,6.5,39630.0,2399.5,2.40595834145436,79.9,88.9
1243,Sweden,2002,6.9,40369.0,2637.4,2.15848213589266,80.0,96.5
1244,Sweden,2003,6.9,41148.4,2675.9,1.92565534892387,80.3,97
1245,Sweden,2004,6.5,42764.4,2773,0.373659828721746,80.7,108.3
1246,Sweden,2005,6.5,43811.1,2810.7,0.453170852576204,80.7,78.8
1247,Sweden,2006,6.8,45596.9,3010.1,1.36021468627687,81.0,71.3
1248,Sweden,2007,7.0,46816.6,3225.8,2.21216883436736,81.1,72.8
1249,Sweden,2008,7.0,46244.0,3415,3.43704910602876,81.3,67.5
1250,Sweden,2009,7.3,43861.8,3451.1,-0.494460544378068,81.5,66.0
1251,Sweden,2010,7.4,46078.0,3431.2,1.1579880271563,81.6,54.8
1252,Sweden,2011,7.3,47192.6,4459.5,2.96115073822137,81.9,48.7
1253,Sweden,2012,7.2,46569.2,4679.7,0.888377506923741,81.8,40.9
1254,Sweden,2013,7.3,46724.8,4732.0,-0.044292970148666,82.0,40.6
1255,Sweden,2014,7.2,47493.0,4865.5,-0.179638494114647,82.3,42.2
1256,Sweden,2015,7.1,49103.1,5004.1,-0.046784744983244,82.2,45.7
1257,Sweden,2016,7.2,49494.1,5127.6,0.984269244577973,82.4,46.2
1258,Switzerland,1980,13.5,46067.7,960.6,4.02249909744558,75.7,49.7
1259,Switzerland,1981,13.7,46485.6,1068.3,6.49031010319113,75.9,63.9
1260,Switzerland,1982,14,45606.8,1146.7,5.65510146708694,76.3,69
1261,Switzerland,1983,13.6,45793.9,1252.1,2.94979530938005,76.2,69.9
1262,Switzerland,1984,13.5,47003.6,1300.9,2.93145669136627,76.9,69.4
1263,Switzerland,1985,13.5,48520.2,1487.1,3.43539935298266,77,79.8
1264,Switzerland,1986,13.2,49124.1,1601.2,0.75030983941075,77.2,69.9
1265,Switzerland,1987,13.2,49555.6,1720.5,1.44032188041729,77.5,62.3
1266,Switzerland,1988,13.2,50776.9,1856.8,1.87246859731868,77.5,49.1
1267,Switzerland,1989,13.1,52570.1,2018.3,3.15526979710908,77.7,55.4
1268,Switzerland,1990,12.9,53914.5,2136,5.4039590921894,77.5,54.5
1269,Switzerland,1991,12.9,52770,2334.5,5.85959663468674,77.8,67.1
1270,Switzerland,1992,12.3,52268.3,2434.1,4.03703020778736,78.1,51.3
1271,Switzerland,1993,12.1,51860.6,2492.2,3.29262180313612,78.4,51.4
1272,Switzerland,1994,11.8,52160.9,2626.4,0.852116995120668,78.7,46.7
1273,Switzerland,1995,11.4,51946.6,2611.1,1.7998277686715,78.7,287.5
1274,Switzerland,1996,11.3,51955.5,2766.5,0.811634064628159,79.2,242.8
1275,Switzerland,1997,11.2,52975.3,2873.7,0.520225422736652,79.4,212.6
1276,Switzerland,1998,11.1,54399.4,2989.5,0.017938437843937,79.6,187.9
1277,Switzerland,1999,11.1,55012.7,3103.7,0.806444380959474,79.9,179.6
1278,Switzerland,2000,11.2,56892.2,3326.3,1.55852919679007,80,182
1279,Switzerland,2001,11.1,57504.1,3554.3,0.989020329832534,80.5,181.5
1280,Switzerland,2002,10.8,57054.2,3887.1,0.642711506543266,80.6,167.1
1281,Switzerland,2003,10.8,56623.2,3915.2,0.638272930887247,80.7,163.1
1282,Switzerland,2004,10.7,57766.8,4108,0.802908730955211,81.3,160.8
1283,Switzerland,2005,10.1,59005.2,4106.1,1.17195420333701,81.5,177.3
1284,Switzerland,2006,10.2,61027.9,4234.5,1.05950928324803,81.8,72.5
1285,Switzerland,2007,10.4,62855.2,4597.3,0.732350603122242,82.0,70.7
1286,Switzerland,2008,10.2,63861.9,4905.1,2.42604117060161,82.3,77.6
1287,Switzerland,2009,10.1,61696.3,5059.2,-0.480481936423295,82.3,78.9
1288,Switzerland,2010,10.0,63220.7,5089.2,0.688238707219984,82.7,82.4
1289,Switzerland,2011,10.0,63760.4,5259.6,0.231349207650921,82.8,77.6
1290,Switzerland,2012,9.9,63830.9,5565.3,-0.692552018105251,82.8,74.6
1291,Switzerland,2013,9.8,64232.0,5923.9,-0.217323155115631,82.9,87.6
1292,Switzerland,2014,9.5,64944.1,6158.7,-0.013202538751617,83.3,77.8
1293,Switzerland,2015,9.5,65265.1,6465.9,-1.14390867228177,83.0,81.3
1294,Switzerland,2016,9.3,65891.7,6808.0,-0.434618664285847,83.7,75.5
1295,Turkey,1980,1.8,9124.6,73.4,94.2608604638993,58.1,..
1296,Turkey,1981,1.6,9336.1,90.4,37.6147914895655,58.5,..
1297,Turkey,1982,1.2,9430.9,80.1,29.1375115905279,58.9,..
1298,Turkey,1983,1.6,9656.3,88.7,31.3902711485732,59.7,..
1299,Turkey,1984,1.7,10051.2,91.9,48.3923326634719,60.9,..
1300,Turkey,1985,1.7,10220.1,69.7,44.9617167560811,62.1,..
1301,Turkey,1986,1.8,10687.7,96.1,34.6100778981862,63.2,..
1302,Turkey,1987,1.3,11502.4,99.3,38.8558494111617,64.4,..
1303,Turkey,1988,1.3,11548.3,119.8,68.8096367499329,65.2,..
1304,Turkey,1989,1.4,11380,128.5,63.2725527831094,65.7,..
1305,Turkey,1990,1.4,12223.9,152.5,60.3038852642097,67.5,..
1306,Turkey,1991,1.4,12131.4,175.4,65.9785498212485,67.8,..
1307,Turkey,1992,1.5,12647.3,182.7,70.0761048457468,68.2,..
1308,Turkey,1993,1.6,13445.7,197,66.093846403637,68.5,..
1309,Turkey,1994,1.6,12512.5,179.6,105.215004028239,68.9,..
1310,Turkey,1995,1.7,13206.0,175.5,89.113308749581,69.3,..
1311,Turkey,1996,1.6,13918.0,231.1,80.4121426988699,69.7,..
1312,Turkey,1997,1.6,14744.5,266.5,85.6693687054778,70.1,..
1313,Turkey,1998,1.6,14985.7,299.8,84.6413356970868,70.3,..
1314,Turkey,1999,1.6,14290.8,369.1,64.8674792029406,70.7,..
1315,Turkey,2000,1.5,15066.4,432,54.9153824089286,71.1,..
1316,Turkey,2001,1.4,14004.7,472.8,54.4001840365155,71.5,..
1317,Turkey,2002,1.4,14718.6,520,44.9641235479985,71.9,..
1318,Turkey,2003,1.5,15382.3,509.7,21.6024370406172,72.3,..
1319,Turkey,2004,1.4,16688.2,558.6,8.59826168115266,72.7,..
1320,Turkey,2005,1.3,17966.7,588.1,8.17916036801999,73.1,..
1321,Turkey,2006,1.2,18976.6,678.2,9.59724212288442,73.4,..
1322,Turkey,2007,1.3,19688.4,733.4,8.75618090972636,73.7,..
1323,Turkey,2008,1.5,19599.2,807.1,10.4441283764886,73.9,..
1324,Turkey,2009,1.5,18398.3,815.1,6.25097663090622,74.1,9.9
1325,Turkey,2010,1.5,19647.9,843.6,8.56644420552974,74.3,10.5
1326,Turkey,2011,1.5,21530.0,888.3,6.471879671151,74.6,9.2
1327,Turkey,2012,1.6,22275.3,894.7,8.89156996512163,74.6,9.2
1328,Turkey,2013,1.4,23857.0,947.7,7.493090305477,78.0,5.6
1329,Turkey,2014,1.5,24700.1,1006.8,8.85457271364317,78.0,4.3
1330,Turkey,2015,1.4,25855.9,1040.1,7.67085364845881,78.0,5
1331,Turkey,2016,1.3,26357.9,1128.8,7.77513415328332,78.0,5
1332,United Kingdom,1980,9.4,22732.9,385.1,17.965924766059,73.2,37.6
1333,United Kingdom,1981,9.1,22542.6,434,11.8766196827002,73.8,34
1334,United Kingdom,1982,8.8,23019.7,448.5,8.5988700564972,74.1,39.3
1335,United Kingdom,1983,9.1,23980.9,501.9,4.60930184163978,74.3,37.7
1336,United Kingdom,1984,9.2,24484.6,521.5,4.96071215436641,74.5,52.9
1337,United Kingdom,1985,9.3,25434.7,549.6,6.07139383722625,74.7,55.9
1338,United Kingdom,1986,9.3,26175.8,578.6,3.42761476782098,74.8,58.7
1339,United Kingdom,1987,9.5,27529.1,635,4.14891804395978,75.2,58.4
1340,United Kingdom,1988,9.8,29049.9,688,4.20939997645425,75.3,61.5
1341,United Kingdom,1989,9.8,29714.7,739.7,5.7,75.4,60.9
1342,United Kingdom,1990,9.8,29848.5,782.6,8,75.7,64.1
1343,United Kingdom,1991,9.4,29415.9,842.8,7.5,75.9,62.6
1344,United Kingdom,1992,9.3,29459,930.7,4.6,76.3,61
1345,United Kingdom,1993,9.3,30125,995.7,2.6,76.2,57.4
1346,United Kingdom,1994,9.6,31203.6,1058.7,2.2,76.8,73.1
1347,United Kingdom,1995,9.3,31903.7,1094,2.7,76.7,81.9
1348,United Kingdom,1996,9.8,32434.7,1171.6,2.9,76.9,91.9
1349,United Kingdom,1997,10.0,33814.8,1507.4,2.2,77.2,96.8
1350,United Kingdom,1998,9.8,34786.4,1572.1,1.8,77.3,111.1
1351,United Kingdom,1999,10.3,35707.3,1683.9,1.7,77.5,119.9
1352,United Kingdom,2000,10.4,37041.2,1897.2,1.2,77.9,..
1353,United Kingdom,2001,10.8,37695.0,2067.2,1.6,78.2,128.5
1354,United Kingdom,2002,11.1,38199.0,2287.5,1.5,78.3,127.7
1355,United Kingdom,2003,11.3,39213.0,2469.2,1.4,78.4,114.4
1356,United Kingdom,2004,11.6,39923.0,2724.9,1.4,79.0,118.7
1357,United Kingdom,2005,11.4,40674.1,2731.4,2.1,79.2,116.8
1358,United Kingdom,2006,11.0,41270.0,2952.3,2.5,79.5,105.5
1359,United Kingdom,2007,11.1,41988.3,3021.7,2.4,79.7,109.4
1360,United Kingdom,2008,10.8,41581.1,3207.9,3.5,79.8,120.4
1361,United Kingdom,2009,10.1,39426.9,3334.5,2.0,80.4,109.2
1362,United Kingdom,2010,10.1,40063.9,3441.7,2.5,80.6,102.1
1363,United Kingdom,2011,9.9,40155.7,3495.7,3.8,81.0,48.4
1364,United Kingdom,2012,9.6,40468.8,3614.1,2.6,81.0,48.8
1365,United Kingdom,2013,9.4,40947.5,3667.6,2.3,81.1,50.4
1366,United Kingdom,2014,9.4,41936.5,3758.9,1.5,81.4,48.6
1367,United Kingdom,2015,9.5,42601.7,3805.8,0.4,81.0,51.2
1368,United Kingdom,2016,9.5,43167.5,3960.1,1.0,81.2,53.1
1369,United States,1980,10.4,31093.4,1036.3,13.5492019749684,73.7,94.2
1370,United States,1981,10.4,31566.1,1191.5,10.3347153402771,74.1,89.7
1371,United States,1982,10.3,30702,1329.7,6.13142700027496,74.5,85.1
1372,United States,1983,10.2,31819.6,1451.9,3.21243523316061,74.6,86.2
1373,United States,1984,10,33824.7,1590.7,4.30053547523429,74.7,84.2
1374,United States,1985,9.9,34923.1,1735.2,3.54564415209369,74.7,92.8
1375,United States,1986,9.8,35805.6,1847.8,1.89804772234273,74.7,95.5
1376,United States,1987,9.7,36714.7,1976.2,3.66456321751692,74.9,93.8
1377,United States,1988,9.4,37902.1,2195.4,4.07774110744409,74.9,97.8
1378,United States,1989,9.2,38924.6,2424.7,4.82700303008946,75.1,92.2
1379,United States,1990,9.3,39215.8,2685,5.39795643990321,75.4,90.9
1380,United States,1991,8.7,38655.9,2901.6,4.23496396453855,75.5,84.9
1381,United States,1992,8.7,39489.2,3100.3,3.02881967814969,75.8,88
1382,United States,1993,8.4,40052.1,3286.6,2.95165696638556,75.5,89.9
1383,United States,1994,8.3,41163.9,3432.1,2.60744159215459,75.7,89.6
1384,United States,1995,8.1,41772.1,3586.7,2.80541968853656,75.8,91.5
1385,United States,1996,8.2,42845.5,4158.9,2.93120419993438,76.1,91
1386,United States,1997,8.1,44219.1,3894.3,2.33768993730739,76.5,87.9
1387,United States,1998,8.1,45666.0,4061.5,1.55227909874365,76.7,90.1
1388,United States,1999,8.2,47311.7,4262,2.18802719697359,76.7,88
1389,United States,2000,8.3,48705.4,4536.6,3.37685727149931,76.8,86.8
1390,United States,2001,8.3,48682.8,4888.5,2.82617111885405,77,88.8
1391,United States,2002,8.3,49039.1,5316.5,1.586031626506,77.0,91.6
1392,United States,2003,8.4,49947.0,5726.5,2.27009497336116,77.2,95.6
1393,United States,2004,8.5,51405.0,6069.5,2.67723669309172,77.6,97.9
1394,United States,2005,8.5,52704.8,6430.8,3.39274684549546,77.6,101
1395,United States,2006,8.6,53659.3,6808.1,3.22594410070408,77.8,100.3
1396,United States,2007,8.7,54216.0,7166.5,2.85267248150139,78.1,82.6
1397,United States,2008,8.7,53774.8,7385,3.83910029665099,78.2,80.7
1398,United States,2009,8.7,51916.9,7645,-0.355546266299731,78.5,77.8
1399,United States,2010,8.6,52876.0,7879.3,1.64004344238987,78.7,82.7
1400,United States,2011,8.7,53273.2,8079.5,3.15684156862208,78.7,85.4
1401,United States,2012,8.9,54067.5,8346.1,2.06933726526059,78.8,88.1
1402,United States,2013,8.8,54651.1,8519.6,1.46483265562714,78.8,91.9
1403,United States,2014,8.8,55463.8,8925.9,1.62222297740822,78.9,94.3
1404,United States,2015,8.8,56520.6,9355.1,0.118627135552451,78.7,97.5
1405,United States,2016,8.9,57021.2,9717.6,1.26158320570535,78.7,107
